"ID Renabap","Nombre del barrio","Cantidad de familias que viven en el barrio","Año de creación del barrio","Década de creación del barrio","Tipología barrial","Situación dominial","Situación predominante sobre la conexión a la energía eléctrica ","Situación predominante sobre la conexión a la red cloacal","Situación predominante sobre la conexión a la red de agua","Situación predominante sobre la conexión a la red de gas","wkt","Código de provincia","Nombre de provincia","Código de departamento","Nombre de departamento","Código de radio","Nombre de radio","Superficie en km2","Latitud del centroide","Longitud del centroide","Geometría en WKT"
4417,"Alvear III",55,2011,"Década 2010","Asentamiento","NO","Conexión irregular a la red","Desagüe sólo a pozo negro/ciego u hoyo","Bomba de agua de pozo domiciliaria","Gas en garrafa","POLYGON((-58.780669956022 -34.491755314382, -58.781200425207 -34.491016877163, -58.781563463315 -34.490139669529, -58.781211988644 -34.489976974673, -58.781409239349 -34.489743016782, -58.781667291983 -34.489852275102, -58.781911253653 -34.48911272585, -58.782135843875 -34.48914858425, -58.781986448286 -34.489657806293, -58.781878079345 -34.490057504725, -58.781484010468 -34.491053936027, -58.781146237145 -34.491645039342, -58.782210778157 -34.492215979073, -58.782028245659 -34.492459858802, -58.780887405684 -34.491866655252, -58.780487073206 -34.492414151867, -58.781128086503 -34.49276591409, -58.780858631552 -34.493120884684, -58.780585498518 -34.492983962368, -58.780364899726 -34.493272553938, -58.780010735883 -34.493075706608, -58.780064519307 -34.492598109809, -58.780217249315 -34.492385502696, -58.7796920691 -34.492101150978, -58.780108352797 -34.491565468081, -58.779837284343 -34.491397663801, -58.780037358678 -34.491149184385, -58.780463323391 -34.49134925872, -58.780305200126 -34.491568695087, -58.780669956022 -34.491755314382))","06","Buenos Aires","06412","José C. Paz","064120111","",0.0269558526519,-34.491645,-58.780913,"POLYGON((-58.780669 -34.491755,-58.781200 -34.491016,-58.781563 -34.490139,-58.781211 -34.489976,-58.781409 -34.489743,-58.781667 -34.489852,-58.781911 -34.489112,-58.782135 -34.489148,-58.781986 -34.489657,-58.781878 -34.490057,-58.781484 -34.491053,-58.781146 -34.491645,-58.782210 -34.492215,-58.782028 -34.492459,-58.780887 -34.491866,-58.780487 -34.492414,-58.781128 -34.492765,-58.780858 -34.493120,-58.780585 -34.492983,-58.780364 -34.493272,-58.780010 -34.493075,-58.780064 -34.492598,-58.780217 -34.492385,-58.779692 -34.492101,-58.780108 -34.491565,-58.779837 -34.491397,-58.780037 -34.491149,-58.780463 -34.491349,-58.780305 -34.491568,-58.780669 -34.491755))"
651,"Lido",176,0,"Década 1980","Asentamiento","NO","Conexión formal a la red con medidor domiciliario con factura","Desagüe sólo a pozo negro/ciego u hoyo","Bomba de agua de pozo domiciliaria","Gas en garrafa","POLYGON((-58.756213779088 -34.501639817424, -58.755737727836 -34.502259808895, -58.756320935307 -34.502568204861, -58.756469534447 -34.502382486791, -58.757127148851 -34.502719895264, -58.756804946825 -34.503138323514, -58.75595848346 -34.502707999619, -58.755617792377 -34.503161232788, -58.754927801688 -34.502798113869, -58.755446909589 -34.502134818784, -58.754461947238 -34.501621270372, -58.754957267228 -34.50102030043, -58.75498140455 -34.500979313751, -58.755043161429 -34.50087444651, -58.755410856326 -34.500417103565, -58.756022360402 -34.50072041624, -58.755920506884 -34.500854115259, -58.757342948618 -34.501645745155, -58.757030212824 -34.502077380931, -58.756213779088 -34.501639817424))","06","Buenos Aires","06412","José C. Paz","064120206","",0.03667332597342,-34.501806,-58.755826,"POLYGON((-58.756213 -34.501639,-58.755737 -34.502259,-58.756320 -34.502568,-58.756469 -34.502382,-58.757127 -34.502719,-58.756804 -34.503138,-58.755958 -34.502707,-58.755617 -34.503161,-58.754927 -34.502798,-58.755446 -34.502134,-58.754461 -34.501621,-58.754957 -34.501020,-58.754981 -34.500979,-58.755043 -34.500874,-58.755410 -34.500417,-58.756022 -34.500720,-58.755920 -34.500854,-58.757342 -34.501645,-58.757030 -34.502077,-58.756213 -34.501639))"
1382,"Provincias Unidas",88,0,"Década 2000","Villa","NO","Conexión formal a la red con medidor domiciliario con factura","Desagüe a cámara séptica y pozo ciego","Bomba de agua de pozo domiciliaria","Gas en garrafa","POLYGON((-58.753982953931 -34.502202420808, -58.753350047742 -34.501883476983, -58.753809026665 -34.501300204041, -58.753818192556 -34.501143203096, -58.753886361167 -34.501023908926, -58.75413212544 -34.50059959943, -58.755096009181 -34.49926466792, -58.755986105025 -34.499701590333, -58.755043161429 -34.50087444651, -58.754957267228 -34.50102030043, -58.753982953931 -34.502202420808))","06","Buenos Aires","06412","José C. Paz","064120207","",0.02777937968054,-34.500682,-58.754654,"POLYGON((-58.753982 -34.502202,-58.753350 -34.501883,-58.753809 -34.501300,-58.753818 -34.501143,-58.753886 -34.501023,-58.754132 -34.500599,-58.755096 -34.499264,-58.755986 -34.499701,-58.755043 -34.500874,-58.754957 -34.501020,-58.753982 -34.502202))"
1539,"Aguas Claras",88,0,"Década 1980","Asentamiento","NO","Conexión a la red con medidor comunitario","Desagüe sólo a pozo negro/ciego u hoyo","Bomba de agua de pozo comunitaria","Gas en garrafa","POLYGON((-58.74637889013 -34.506270472208, -58.745527236518 -34.507344400303, -58.744496229311 -34.506810516874, -58.744770225533 -34.506428200375, -58.744353006215 -34.506211017444, -58.744586132052 -34.505872561992, -58.744669807758 -34.505909076169, -58.744994364974 -34.505509663549, -58.74637889013 -34.506270472208))","06","Buenos Aires","06412","José C. Paz","064120302","",0.02046046038241,-34.506417,-58.745316,"POLYGON((-58.746378 -34.506270,-58.745527 -34.507344,-58.744496 -34.506810,-58.744770 -34.506428,-58.744353 -34.506211,-58.744586 -34.505872,-58.744669 -34.505909,-58.744994 -34.505509,-58.746378 -34.506270))"
4544,"Potosí y Florencio Ballesteros",17,0,"Década 2000","Villa","NO","Conexión irregular a la red","Desagüe a cámara séptica y pozo ciego","Bomba de agua de pozo domiciliaria","Gas en garrafa","POLYGON((-58.779216751239 -34.526933702107, -58.778841980018 -34.527259576139, -58.778490048931 -34.527962151544, -58.778126858623 -34.528380029498, -58.778104018488 -34.528369735353, -58.778126215239 -34.52828545204, -58.778834902793 -34.526709482758, -58.779216751239 -34.526933702107))","06","Buenos Aires","06412","José C. Paz","064120706","",0.00401377435039,-34.527411,-58.77866,"POLYGON((-58.779216 -34.526933,-58.778841 -34.527259,-58.778490 -34.527962,-58.778126 -34.528380,-58.778104 -34.528369,-58.778126 -34.528285,-58.778834 -34.526709,-58.779216 -34.526933))"
67,"11 de Septiembre y Bruguetti",51,2011,"Década 2010","Asentamiento","NO","Conexión regular a la red con medidor prepago","Desagüe a cámara séptica y pozo ciego","Bomba de agua de pozo domiciliaria","Gas en garrafa","POLYGON((-58.773101266065 -34.509263895801, -58.773737251002 -34.509602893479, -58.773746150744 -34.509652583254, -58.773027751774 -34.510580546452, -58.77236689387 -34.510207879641, -58.773101266065 -34.509263895801))","06","Buenos Aires","06412","José C. Paz","064120805","",0.0091888738702,-34.509919,-58.773067,"POLYGON((-58.773101 -34.509263,-58.773737 -34.509602,-58.773746 -34.509652,-58.773027 -34.510580,-58.772366 -34.510207,-58.773101 -34.509263))"
386,"Alberdi",193,0,"Década 1990","Asentamiento","NO","Conexión formal a la red con medidor domiciliario con factura","Desagüe a cámara séptica y pozo ciego","Bomba de agua de pozo domiciliaria","Gas en garrafa","MULTIPOLYGON(((-58.770795693495 -34.50787536225, -58.770008313086 -34.508918397798, -58.769850867257 -34.508879441625, -58.768494009867 -34.508127454526, -58.769274901676 -34.507100157845, -58.770795693495 -34.50787536225)), ((-58.771512746767 -34.509736579255, -58.77069515808 -34.51079000841, -58.769223125734 -34.510032716543, -58.769145692925 -34.509937050468, -58.769902979529 -34.50898384472, -58.770034468769 -34.50898065193, -58.770278120567 -34.509104414868, -58.771512746767 -34.509736579255)))","06","Buenos Aires","06412","José C. Paz","064120805","",0.04613978812724,-34.508957,-58.769987,"MULTIPOLYGON(((-58.770795 -34.507875,-58.770008 -34.508918,-58.769850 -34.508879,-58.768494 -34.508127,-58.769274 -34.507100,-58.770795 -34.507875)),((-58.771512 -34.509736,-58.770695 -34.510790,-58.769223 -34.510032,-58.769145 -34.509937,-58.769902 -34.508983,-58.770034 -34.508980,-58.770278 -34.509104,-58.771512 -34.509736)))"
1564,"Sol y Verde II",1210,0,"Década 1930","Asentamiento","NO","Conexión irregular a la red","Desagüe sólo a pozo negro/ciego u hoyo","Bomba de agua de pozo domiciliaria","Gas en garrafa","POLYGON((-58.815540685672 -34.498168992831, -58.813824991798 -34.496984559156, -58.812523866388 -34.496081538033, -58.813048075057 -34.495546300064, -58.813857095796 -34.494706245461, -58.810355840331 -34.49234898789, -58.808814470405 -34.493933802987, -58.807558917419 -34.493074484896, -58.808578073903 -34.492043751332, -58.80729733267 -34.491219259972, -58.807829618 -34.490685122, -58.806625281944 -34.489855683234, -58.803538084 -34.493096700346, -58.802188719524 -34.492186438363, -58.808795214 -34.485423429, -58.811209202 -34.482876474, -58.812253679473 -34.48184039008, -58.81243702897 -34.482095795216, -58.81244795662 -34.482398762446, -58.812397077329 -34.482939060219, -58.81242704106 -34.483097439941, -58.812379955197 -34.483439882581, -58.812238697607 -34.483785178911, -58.812076037353 -34.483912168057, -58.811870571769 -34.483996351873, -58.811583776057 -34.484051998802, -58.811445236 -34.484203023, -58.811606169 -34.484760167, -58.811574503623 -34.485133345228, -58.811090087917 -34.485807017335, -58.811208515997 -34.48608810567, -58.811361188341 -34.486156594198, -58.811633715609 -34.486255046457, -58.81183490066 -34.486526146881, -58.812031805179 -34.486845760012, -58.812056061532 -34.487081189328, -58.812128774 -34.487400394, -58.812409918928 -34.48777606252, -58.812475553767 -34.488020052901, -58.812613957668 -34.488535143707, -58.812847960139 -34.488866171593, -58.813110546429 -34.489199336923, -58.813374465699 -34.490210258957, -58.813440100539 -34.490341528636, -58.813546850895 -34.490458046334, -58.813582784972 -34.490598360617, -58.813460076359 -34.490783850381, -58.813481479024 -34.490996450187, -58.81367410301 -34.491277538521, -58.813909921 -34.491607715, -58.81411499791 -34.49173127502, -58.814246267589 -34.491886801053, -58.81437182989 -34.492117949835, -58.814444598951 -34.492397611325, -58.814428903664 -34.492528881004, -58.814573642 -34.492717727, -58.814941140781 -34.493061093942, -58.815065276238 -34.493049679187, -58.815182277473 -34.49297833697, -58.815349218261 -34.49290271422, -58.81545959033 -34.492930792023, -58.815594635487 -34.492995459102, -58.81568452668 -34.493135289847, -58.815864309066 -34.493593306879, -58.815731612543 -34.493900078411, -58.81576014943 -34.494012799114, -58.815874296977 -34.494111251373, -58.816022688788 -34.494119812439, -58.816370838806 -34.494114105062, -58.816496401107 -34.494174032524, -58.816687598248 -34.494436571882, -58.817204115898 -34.494813258787, -58.817595071246 -34.494930260022, -58.819195990592 -34.496028930161, -58.81947850577 -34.496255798411, -58.819589799628 -34.496409897599, -58.819600500961 -34.496516910924, -58.819538433232 -34.496598241051, -58.819410017242 -34.496685991978, -58.819356510579 -34.496786584504, -58.819341528714 -34.496983489022, -58.815540685672 -34.498168992831))","06","Buenos Aires","06412","José C. Paz","064120907","",0.79880951416996,-34.491006,-58.81115,"POLYGON((-58.815540 -34.498168,-58.813824 -34.496984,-58.812523 -34.496081,-58.813048 -34.495546,-58.813857 -34.494706,-58.810355 -34.492348,-58.808814 -34.493933,-58.807558 -34.493074,-58.808578 -34.492043,-58.807297 -34.491219,-58.807829 -34.490685,-58.806625 -34.489855,-58.803538 -34.493096,-58.802188 -34.492186,-58.808795 -34.485423,-58.811209 -34.482876,-58.812253 -34.481840,-58.812437 -34.482095,-58.812447 -34.482398,-58.812397 -34.482939,-58.812427 -34.483097,-58.812379 -34.483439,-58.812238 -34.483785,-58.812076 -34.483912,-58.811870 -34.483996,-58.811583 -34.484051,-58.811445 -34.484203,-58.811606 -34.484760,-58.811574 -34.485133,-58.811090 -34.485807,-58.811208 -34.486088,-58.811361 -34.486156,-58.811633 -34.486255,-58.811834 -34.486526,-58.812031 -34.486845,-58.812056 -34.487081,-58.812128 -34.487400,-58.812409 -34.487776,-58.812475 -34.488020,-58.812613 -34.488535,-58.812847 -34.488866,-58.813110 -34.489199,-58.813374 -34.490210,-58.813440 -34.490341,-58.813546 -34.490458,-58.813582 -34.490598,-58.813460 -34.490783,-58.813481 -34.490996,-58.813674 -34.491277,-58.813909 -34.491607,-58.814114 -34.491731,-58.814246 -34.491886,-58.814371 -34.492117,-58.814444 -34.492397,-58.814428 -34.492528,-58.814573 -34.492717,-58.814941 -34.493061,-58.815065 -34.493049,-58.815182 -34.492978,-58.815349 -34.492902,-58.815459 -34.492930,-58.815594 -34.492995,-58.815684 -34.493135,-58.815864 -34.493593,-58.815731 -34.493900,-58.815760 -34.494012,-58.815874 -34.494111,-58.816022 -34.494119,-58.816370 -34.494114,-58.816496 -34.494174,-58.816687 -34.494436,-58.817204 -34.494813,-58.817595 -34.494930,-58.819195 -34.496028,-58.819478 -34.496255,-58.819589 -34.496409,-58.819600 -34.496516,-58.819538 -34.496598,-58.819410 -34.496685,-58.819356 -34.496786,-58.819341 -34.496983,-58.815540 -34.498168))"
50,"Urquiza",112,0,"Década 1990","Asentamiento","NO","Conexión irregular a la red","Desagüe sólo a pozo negro/ciego u hoyo","Bomba de agua de pozo domiciliaria","Gas en garrafa","MULTIPOLYGON(((-58.815502961911 -34.50280983698, -58.815548286499 -34.502924542223, -58.8155186 -34.5029296, -58.815053500932 -34.503108871499, -58.814906308382 -34.503276665845, -58.813898736267 -34.504299780292, -58.813333443102 -34.504459768924, -58.813109459018 -34.503905141668, -58.813013675055 -34.503682971748, -58.812979348813 -34.503498374077, -58.814411310541 -34.503097547127, -58.815502961911 -34.50280983698)), ((-58.805794 -34.505542, -58.805792093274 -34.505431298882, -58.80876192803 -34.502396557355, -58.808821061155 -34.502438527163, -58.8094424 -34.5033147, -58.8097616 -34.5032417, -58.810729592627 -34.504177593789, -58.805794 -34.505542)))","06","Buenos Aires","06412","José C. Paz","064120911","",0.07545721511287,-34.503977,-58.80958,"MULTIPOLYGON(((-58.815502 -34.502809,-58.815548 -34.502924,-58.815518 -34.502929,-58.815053 -34.503108,-58.814906 -34.503276,-58.813898 -34.504299,-58.813333 -34.504459,-58.813109 -34.503905,-58.813013 -34.503682,-58.812979 -34.503498,-58.814411 -34.503097,-58.815502 -34.502809)),((-58.805794 -34.505542,-58.805792 -34.505431,-58.808761 -34.502396,-58.808821 -34.502438,-58.809442 -34.503314,-58.809761 -34.503241,-58.810729 -34.504177,-58.805794 -34.505542)))"
621,"Nestor Kirchner",50,0,"Década 2000","Villa","NO","Conexión irregular a la red","Desagüe sólo a pozo negro/ciego u hoyo","Bomba de agua de pozo domiciliaria","Gas en garrafa","MULTIPOLYGON(((-58.808757663271 -34.50069808149, -58.808251793989 -34.501202550886, -58.807948243344 -34.500995548965, -58.808172899526 -34.500789345803, -58.808704724832 -34.500589853304, -58.808758831341 -34.500637933475, -58.808757663271 -34.50069808149)), ((-58.810519320372 -34.499979083835, -58.811604431678 -34.499629260289, -58.811654977687 -34.499714500315, -58.811471790958 -34.499844598591, -58.811103249242 -34.500195397711, -58.811258311188 -34.500586441536, -58.811260620809 -34.500604425687, -58.811252496382 -34.500620291724, -58.811236542911 -34.500641925273, -58.810782022435 -34.500765612687, -58.810687416361 -34.500550054951, -58.810630871757 -34.500608422203, -58.810381190837 -34.500916543048, -58.809640659686 -34.500405638647, -58.81057409997 -34.500081378472, -58.810519320372 -34.499979083835)))","06","Buenos Aires","06412","José C. Paz","064120911","",0.01256342822172,-34.500417,-58.810269,"MULTIPOLYGON(((-58.808757 -34.500698,-58.808251 -34.501202,-58.807948 -34.500995,-58.808172 -34.500789,-58.808704 -34.500589,-58.808758 -34.500637,-58.808757 -34.500698)),((-58.810519 -34.499979,-58.811604 -34.499629,-58.811654 -34.499714,-58.811471 -34.499844,-58.811103 -34.500195,-58.811258 -34.500586,-58.811260 -34.500604,-58.811252 -34.500620,-58.811236 -34.500641,-58.810782 -34.500765,-58.810687 -34.500550,-58.810630 -34.500608,-58.810381 -34.500916,-58.809640 -34.500405,-58.810574 -34.500081,-58.810519 -34.499979)))"
1373,"San Atilio",374,0,"Década 2000","Asentamiento","NO","Conexión irregular a la red","Desagüe sólo a pozo negro/ciego u hoyo","Bomba de agua de pozo domiciliaria","Gas en garrafa","POLYGON((-58.819239022172 -34.501924878801, -58.819524347516 -34.502214059617, -58.819841638966 -34.502536896281, -58.819913008387 -34.502987068455, -58.819985582895 -34.503212689564, -58.820138515348 -34.503565676196, -58.819638091718 -34.503808770242, -58.819529715836 -34.503912788822, -58.819168251282 -34.504336028794, -58.818801335715 -34.504745163673, -58.818825615075 -34.504890633769, -58.818049534161 -34.505673071231, -58.81829251685 -34.505829550867, -58.817824466095 -34.506337733821, -58.817219425186 -34.50596257026, -58.814296924923 -34.504010285327, -58.815023947622 -34.503220139786, -58.815109 -34.503092, -58.8155186 -34.5029296, -58.816114598094 -34.502828058035, -58.819239022172 -34.501924878801))","06","Buenos Aires","06412","José C. Paz","064121001","",0.13848316146508,-34.503905,-58.817422,"POLYGON((-58.819239 -34.501924,-58.819524 -34.502214,-58.819841 -34.502536,-58.819913 -34.502987,-58.819985 -34.503212,-58.820138 -34.503565,-58.819638 -34.503808,-58.819529 -34.503912,-58.819168 -34.504336,-58.818801 -34.504745,-58.818825 -34.504890,-58.818049 -34.505673,-58.818292 -34.505829,-58.817824 -34.506337,-58.817219 -34.505962,-58.814296 -34.504010,-58.815023 -34.503220,-58.815109 -34.503092,-58.815518 -34.502929,-58.816114 -34.502828,-58.819239 -34.501924))"
259,"Nuestra Señora de Caacupé",138,2014,"Década 2010","Asentamiento","NO","Conexión irregular a la red","Desagüe a cámara séptica y pozo ciego","Bomba de agua de pozo domiciliaria","Gas en garrafa","POLYGON((-58.785122077828 -34.516764664874, -58.782676245405 -34.515226480435, -58.78432521512 -34.51351712615, -58.784391401066 -34.513548013846, -58.785160709923 -34.514047165618, -58.785779017943 -34.514448564939, -58.7857872433 -34.514500421074, -58.786599033836 -34.51506986443, -58.786238947009 -34.515547789987, -58.786201249396 -34.515619607002, -58.78574419147 -34.51619453936, -58.785122077828 -34.516764664874))","06","Buenos Aires","06412","José C. Paz","064121101","",0.06729217772797,-34.51515,-58.784692,"POLYGON((-58.785122 -34.516764,-58.782676 -34.515226,-58.784325 -34.513517,-58.784391 -34.513548,-58.785160 -34.514047,-58.785779 -34.514448,-58.785787 -34.514500,-58.786599 -34.515069,-58.786238 -34.515547,-58.786201 -34.515619,-58.785744 -34.516194,-58.785122 -34.516764))"
661,"11 de Septiembre y Fernández Moreno",303,0,"Década 2000","Asentamiento","NO","Conexión irregular a la red","Desagüe a cámara séptica y pozo ciego","Bomba de agua de pozo domiciliaria","Gas en garrafa","POLYGON((-58.790022185879 -34.51489613885, -58.787203769628 -34.518115639861, -58.786109457242 -34.517417298302, -58.785057470855 -34.518451783558, -58.783495283591 -34.520049924049, -58.783423566403 -34.520123291785, -58.782702684 -34.519636179, -58.782750546206 -34.519561124929, -58.782868981 -34.519375404, -58.782917261 -34.518872329025, -58.783313667613 -34.518453951578, -58.783550842614 -34.518178727427, -58.783614635 -34.518009634, -58.783869066131 -34.517788862693, -58.784158174056 -34.517451219966, -58.784531231354 -34.517112085515, -58.785122592933 -34.516827901187, -58.785234813036 -34.516743491719, -58.785716380207 -34.516287068693, -58.785809899236 -34.516217132478, -58.786191610754 -34.515689334295, -58.786224837106 -34.515624425727, -58.786613217426 -34.515089644771, -58.786646420355 -34.515055763073, -58.787051250215 -34.514517098585, -58.787099296503 -34.514460393876, -58.787699675799 -34.513682805617, -58.788134649095 -34.513794054452, -58.788158419076 -34.513808996688, -58.788238952204 -34.513841775648, -58.790022185879 -34.51489613885))","06","Buenos Aires","06412","José C. Paz","064121101","",0.15157161175095,-34.516631,-58.786559,"POLYGON((-58.790022 -34.514896,-58.787203 -34.518115,-58.786109 -34.517417,-58.785057 -34.518451,-58.783495 -34.520049,-58.783423 -34.520123,-58.782702 -34.519636,-58.782750 -34.519561,-58.782868 -34.519375,-58.782917 -34.518872,-58.783313 -34.518453,-58.783550 -34.518178,-58.783614 -34.518009,-58.783869 -34.517788,-58.784158 -34.517451,-58.784531 -34.517112,-58.785122 -34.516827,-58.785234 -34.516743,-58.785716 -34.516287,-58.785809 -34.516217,-58.786191 -34.515689,-58.786224 -34.515624,-58.786613 -34.515089,-58.786646 -34.515055,-58.787051 -34.514517,-58.787099 -34.514460,-58.787699 -34.513682,-58.788134 -34.513794,-58.788158 -34.513808,-58.788238 -34.513841,-58.790022 -34.514896))"
1384,"La Cava",308,0,"Década 1990","Villa","NO","Conexión formal a la red con medidor domiciliario con factura","Desagüe sólo a pozo negro/ciego u hoyo","Bomba de agua de pozo domiciliaria","Gas en garrafa","POLYGON((-58.785041571 -34.512696622, -58.78557429 -34.512127004, -58.785722852 -34.511847923, -58.785073757 -34.511454513, -58.788472678181 -34.510495476645, -58.790229724209 -34.511677340182, -58.788198402934 -34.513780629373, -58.787693203379 -34.513559638067, -58.786972685441 -34.51447798617, -58.786568695589 -34.51497360255, -58.78602151568 -34.514596934101, -58.785228699445 -34.514051174222, -58.785160978696 -34.514015688773, -58.784377987554 -34.513507577213, -58.785041571 -34.512696622))","06","Buenos Aires","06412","José C. Paz","064121101","",0.13935333108786,-34.512517,-58.7872,"POLYGON((-58.785041 -34.512696,-58.785574 -34.512127,-58.785722 -34.511847,-58.785073 -34.511454,-58.788472 -34.510495,-58.790229 -34.511677,-58.788198 -34.513780,-58.787693 -34.513559,-58.786972 -34.514477,-58.786568 -34.514973,-58.786021 -34.514596,-58.785228 -34.514051,-58.785160 -34.514015,-58.784377 -34.513507,-58.785041 -34.512696))"
1079,"Terminal 391",110,0,"Década 2000","Asentamiento","NO","Conexión irregular a la red","Desagüe a cámara séptica y pozo ciego","Bomba de agua de pozo domiciliaria","Gas en garrafa","POLYGON((-58.792135683531 -34.517049455132, -58.791829076203 -34.517346571239, -58.790090260857 -34.516229489599, -58.789732365756 -34.516605657125, -58.789428826579 -34.516896835121, -58.788807896867 -34.516466868351, -58.788763277283 -34.516396230989, -58.789123005934 -34.515952778266, -58.790012503674 -34.515054112557, -58.790586568815 -34.515417887426, -58.790265705098 -34.515851333672, -58.792135683531 -34.517049455132))","06","Buenos Aires","06412","José C. Paz","064121103","",0.02461066021916,-34.516219,-58.790195,"POLYGON((-58.792135 -34.517049,-58.791829 -34.517346,-58.790090 -34.516229,-58.789732 -34.516605,-58.789428 -34.516896,-58.788807 -34.516466,-58.788763 -34.516396,-58.789123 -34.515952,-58.790012 -34.515054,-58.790586 -34.515417,-58.790265 -34.515851,-58.792135 -34.517049))"
1385,"El Ceibo",605,0,"Década 1980","Asentamiento","NO","Conexión formal a la red con medidor domiciliario con factura","Desagüe a cámara séptica y pozo ciego","Bomba de agua de pozo domiciliaria","Gas en garrafa","POLYGON((-58.782773418422 -34.51972377952, -58.783277476605 -34.520063847754, -58.784582035556 -34.520907577152, -58.783760727 -34.52173777, -58.783532569278 -34.522005679115, -58.783681751927 -34.522135671541, -58.783187574435 -34.522707461904, -58.782144785 -34.522098036, -58.781556605516 -34.52264061907, -58.779059024073 -34.520990631817, -58.780363798 -34.519189766, -58.780834513718 -34.518475287029, -58.781809667395 -34.519134862964, -58.782317747097 -34.519435827174, -58.782773418422 -34.51972377952))","06","Buenos Aires","06412","José C. Paz","064121108","",0.12638816885116,-34.520787,-58.78173,"POLYGON((-58.782773 -34.519723,-58.783277 -34.520063,-58.784582 -34.520907,-58.783760 -34.521737,-58.783532 -34.522005,-58.783681 -34.522135,-58.783187 -34.522707,-58.782144 -34.522098,-58.781556 -34.522640,-58.779059 -34.520990,-58.780363 -34.519189,-58.780834 -34.518475,-58.781809 -34.519134,-58.782317 -34.519435,-58.782773 -34.519723))"
1563,"Mirador de Altube",1231,0,"Década 1980","Villa","NO","Conexión regular a la red con medidor prepago","Desagüe sólo a pozo negro/ciego u hoyo","Bomba de agua de pozo domiciliaria","Gas en garrafa","MULTIPOLYGON(((-58.784432449598 -34.538699464609, -58.786264525265 -34.539962121166, -58.786228101646 -34.540128748143, -58.787403357279 -34.540933412047, -58.788089230633 -34.541403010141, -58.790235687208 -34.539224561504, -58.791182057623 -34.539880562593, -58.791734422667 -34.539315619015, -58.792475313285 -34.538574266389, -58.793459776041 -34.539211925827, -58.791173547507 -34.541572554919, -58.790579275767 -34.542154108338, -58.789769326602 -34.543003064343, -58.788841405606 -34.542358933718, -58.788551732177 -34.54261640872, -58.787533969679 -34.541974438919, -58.78681688599 -34.542712401456, -58.786712480097 -34.542803027937, -58.786370724229 -34.543155735749, -58.786311452611 -34.543184057198, -58.785673046374 -34.542762079107, -58.785101153995 -34.543318341268, -58.784865064871 -34.543161423061, -58.784456776513 -34.543581944359, -58.785063707604 -34.543950604844, -58.78506436573 -34.544035425411, -58.783975274739 -34.545230897088, -58.785085297149 -34.545941134875, -58.784252661698 -34.5468774841, -58.783077514396 -34.546079916609, -58.78367534351 -34.545434251493, -58.779942869169 -34.542898340805, -58.78127941449 -34.541498072551, -58.781583323611 -34.541248102818, -58.782251896708 -34.541708142916, -58.782033193277 -34.54191372254, -58.782748999021 -34.542398934314, -58.784109119041 -34.541021962893, -58.785014912608 -34.540156608241, -58.784506075295 -34.539820106213, -58.783995719027 -34.540349902226, -58.783064822376 -34.539666209282, -58.786126226812 -34.536526660989, -58.786215772229 -34.536549978993, -58.787224283229 -34.537205390326, -58.788637008774 -34.53580682024, -58.789322512324 -34.536231670955, -58.790105244461 -34.535408643794, -58.790064383764 -34.535385953899, -58.790165949208 -34.535227720486, -58.790697514176 -34.535499304484, -58.788851899795 -34.537437651926, -58.789451726916 -34.537841680449, -58.7889171169 -34.538376505561, -58.788319757481 -34.537971306607, -58.78699366294 -34.539310353738, -58.786953037731 -34.539280195253, -58.785954929876 -34.538561219025, -58.785128621089 -34.537965997333, -58.784432449598 -34.538699464609)), ((-58.790999055462 -34.537234756779, -58.791664148182 -34.537660540801, -58.79167658041 -34.537707159858, -58.791396867871 -34.538011735054, -58.791319170044 -34.538030382496, -58.790644753153 -34.537564195531, -58.790916183222 -34.537289908173, -58.790999055462 -34.537234756779)))","06","Buenos Aires","06412","José C. Paz","064121209","",0.45044120849911,-34.541012,-58.786352,"MULTIPOLYGON(((-58.784432 -34.538699,-58.786264 -34.539962,-58.786228 -34.540128,-58.787403 -34.540933,-58.788089 -34.541403,-58.790235 -34.539224,-58.791182 -34.539880,-58.791734 -34.539315,-58.792475 -34.538574,-58.793459 -34.539211,-58.791173 -34.541572,-58.790579 -34.542154,-58.789769 -34.543003,-58.788841 -34.542358,-58.788551 -34.542616,-58.787533 -34.541974,-58.786816 -34.542712,-58.786712 -34.542803,-58.786370 -34.543155,-58.786311 -34.543184,-58.785673 -34.542762,-58.785101 -34.543318,-58.784865 -34.543161,-58.784456 -34.543581,-58.785063 -34.543950,-58.785064 -34.544035,-58.783975 -34.545230,-58.785085 -34.545941,-58.784252 -34.546877,-58.783077 -34.546079,-58.783675 -34.545434,-58.779942 -34.542898,-58.781279 -34.541498,-58.781583 -34.541248,-58.782251 -34.541708,-58.782033 -34.541913,-58.782748 -34.542398,-58.784109 -34.541021,-58.785014 -34.540156,-58.784506 -34.539820,-58.783995 -34.540349,-58.783064 -34.539666,-58.786126 -34.536526,-58.786215 -34.536549,-58.787224 -34.537205,-58.788637 -34.535806,-58.789322 -34.536231,-58.790105 -34.535408,-58.790064 -34.535385,-58.790165 -34.535227,-58.790697 -34.535499,-58.788851 -34.537437,-58.789451 -34.537841,-58.788917 -34.538376,-58.788319 -34.537971,-58.786993 -34.539310,-58.786953 -34.539280,-58.785954 -34.538561,-58.785128 -34.537965,-58.784432 -34.538699)),((-58.790999 -34.537234,-58.791664 -34.537660,-58.791676 -34.537707,-58.791396 -34.538011,-58.791319 -34.538030,-58.790644 -34.537564,-58.790916 -34.537289,-58.790999 -34.537234)))"
732,"Papelitos",220,0,"Década 1980","Villa","NO","Conexión formal a la red con medidor domiciliario con factura","Desagüe a cámara séptica y pozo ciego","Bomba de agua de pozo domiciliaria","Gas en garrafa","POLYGON((-58.783047322706 -34.537693035658, -58.782859626463 -34.537922527367, -58.783988 -34.538662, -58.783393 -34.539267, -58.782599 -34.538715, -58.781295 -34.537866, -58.781633 -34.53753, -58.782293 -34.53689, -58.783452 -34.535675, -58.784021 -34.536037, -58.784445 -34.536306, -58.783047322706 -34.537693035658))","06","Buenos Aires","06412","José C. Paz","064121303","",0.04669521279392,-34.537452,-58.782933,"POLYGON((-58.783047 -34.537693,-58.782859 -34.537922,-58.783988 -34.538662,-58.783393 -34.539267,-58.782599 -34.538715,-58.781295 -34.537866,-58.781633 -34.53753,-58.782293 -34.53689,-58.783452 -34.535675,-58.784021 -34.536037,-58.784445 -34.536306,-58.783047 -34.537693))"
1386,"Mirador de Altube II",165,0,"Década 1960","Villa","NO","Conexión irregular a la red","Desagüe sólo a pozo negro/ciego u hoyo","Bomba de agua de pozo domiciliaria","Gas en garrafa","POLYGON((-58.779250927487 -34.544780288559, -58.778782602279 -34.544448926383, -58.778353655554 -34.544159748815, -58.777013799492 -34.543272937609, -58.776409278891 -34.542850662189, -58.777808348165 -34.541486551277, -58.779910242252 -34.542909009919, -58.779114399116 -34.54367826074, -58.779194642804 -34.543743924524, -58.779316157015 -34.543653031162, -58.77993958231 -34.544049373364, -58.779250927487 -34.544780288559))","06","Buenos Aires","06412","José C. Paz","064121305","",0.05802698188204,-34.543071,-58.778314,"POLYGON((-58.779250 -34.544780,-58.778782 -34.544448,-58.778353 -34.544159,-58.777013 -34.543272,-58.776409 -34.542850,-58.777808 -34.541486,-58.779910 -34.542909,-58.779114 -34.543678,-58.779194 -34.543743,-58.779316 -34.543653,-58.779939 -34.544049,-58.779250 -34.544780))"
178,"Concejal Alfonzo II",39,2014,"Década 2010","Asentamiento","NO","Conexión regular a la red con medidor prepago","Desagüe a cámara séptica y pozo ciego","Bomba de agua de pozo domiciliaria","Gas en garrafa","POLYGON((-58.764659021046 -34.53640261809, -58.765913625952 -34.535013048148, -58.766671906 -34.535354112713, -58.765541905045 -34.536880663382, -58.764659021046 -34.53640261809))","06","Buenos Aires","06412","José C. Paz","064121404","",0.01716005363354,-34.535939,-58.765679,"POLYGON((-58.764659 -34.536402,-58.765913 -34.535013,-58.766671 -34.535354,-58.765541 -34.536880,-58.764659 -34.536402))"
1379,"Pueyrredón",160,2014,"Década 2010","Asentamiento","NO","Conexión irregular a la red","Desagüe a cámara séptica y pozo ciego","Bomba de agua de pozo domiciliaria","Gas en garrafa","POLYGON((-58.764294510543 -34.534337936792, -58.763281061439 -34.53562130452, -58.761113685135 -34.534528585633, -58.761753756303 -34.533762884929, -58.760836742607 -34.53324220766, -58.761318381786 -34.532704377244, -58.764294510543 -34.534337936792))","06","Buenos Aires","06412","José C. Paz","064121405","",0.04779837627027,-34.534231,-58.76253,"POLYGON((-58.764294 -34.534337,-58.763281 -34.535621,-58.761113 -34.534528,-58.761753 -34.533762,-58.760836 -34.533242,-58.761318 -34.532704,-58.764294 -34.534337))"
648,"Las Acacias",440,0,"Década 1930","Asentamiento","NO","No tiene conexión eléctrica","Desagüe a cámara séptica y pozo ciego","Bomba de agua de pozo domiciliaria","Gas en garrafa","POLYGON((-58.760202518 -34.535763758, -58.760405671 -34.535452712, -58.761156982 -34.534571334, -58.763095 -34.535566, -58.764668 -34.536444, -58.765459 -34.53685, -58.764539654636 -34.538060101972, -58.762662 -34.537074, -58.762176 -34.53771, -58.76325667436 -34.538271490138, -58.763706 -34.537694184221, -58.764464 -34.538087, -58.763308419 -34.539718529, -58.760339905 -34.538162709, -58.761599822 -34.536546672, -58.760202518 -34.535763758))","06","Buenos Aires","06412","José C. Paz","064121406","",0.13426337043281,-34.537125,-58.762609,"POLYGON((-58.760202 -34.535763,-58.760405 -34.535452,-58.761156 -34.534571,-58.763095 -34.535566,-58.764668 -34.536444,-58.765459 -34.53685,-58.764539 -34.538060,-58.762662 -34.537074,-58.762176 -34.53771,-58.763256 -34.538271,-58.763706 -34.537694,-58.764464 -34.538087,-58.763308 -34.539718,-58.760339 -34.538162,-58.761599 -34.536546,-58.760202 -34.535763))"
387,"Las Acacias",53,0,"Década 1990","Asentamiento","NO","Conexión irregular a la red","Desagüe a cámara séptica y pozo ciego","Bomba de agua de pozo domiciliaria","Gas en garrafa","POLYGON((-58.75831340029 -34.536408955211, -58.757417109452 -34.535967809789, -58.757810702918 -34.5354173796, -58.757871493369 -34.535422826643, -58.75873776247 -34.535838719341, -58.758716084796 -34.53588082292, -58.758670923378 -34.535969032908, -58.7586277941 -34.535960885729, -58.75831340029 -34.536408955211))","06","Buenos Aires","06412","José C. Paz","064121407","",0.00708023599217,-34.535903,-58.758074,"POLYGON((-58.758313 -34.536408,-58.757417 -34.535967,-58.757810 -34.535417,-58.757871 -34.535422,-58.758737 -34.535838,-58.758716 -34.535880,-58.758670 -34.535969,-58.758627 -34.535960,-58.758313 -34.536408))"
4737,"La Esperanza",17,0,"Década 1980","Asentamiento","NO","Conexión irregular a la red","Desagüe sólo a pozo negro/ciego u hoyo","Bomba de agua de pozo domiciliaria","Gas en garrafa","POLYGON((-58.779486 -34.49663, -58.779239 -34.496519, -58.780451 -34.494985, -58.780725 -34.495122, -58.779486 -34.49663))","06","Buenos Aires","06412","José C. Paz","064121603","",0.00558613908131,-34.495797,-58.779989,"POLYGON((-58.779486 -34.49663,-58.779239 -34.496519,-58.780451 -34.494985,-58.780725 -34.495122,-58.779486 -34.49663))"
993,"Frino",99,0,"Década 1990","Asentamiento","NO","Conexión irregular a la red","Desagüe a cámara séptica y pozo ciego","Bomba de agua de pozo domiciliaria","Gas en garrafa","POLYGON((-58.781592708195 -34.505031257767, -58.779252714725 -34.503791319191, -58.778578498761 -34.503424563067, -58.779370697541 -34.502397571259, -58.780575198736 -34.503048291925, -58.781337731351 -34.502024964081, -58.781701852458 -34.502207931151, -58.781771418133 -34.502214845716, -58.7831567623 -34.502955907624, -58.781592708195 -34.505031257767))","06","Buenos Aires","06412","José C. Paz","064121605","",0.07106903891437,-34.503448,-58.780998,"POLYGON((-58.781592 -34.505031,-58.779252 -34.503791,-58.778578 -34.503424,-58.779370 -34.502397,-58.780575 -34.503048,-58.781337 -34.502024,-58.781701 -34.502207,-58.781771 -34.502214,-58.783156 -34.502955,-58.781592 -34.505031))"
1383,"Viena",495,0,"Década 1980","Villa","NO","Conexión irregular a la red","Desagüe sólo a pozo negro/ciego u hoyo","Bomba de agua de pozo domiciliaria","Gas en garrafa","POLYGON((-58.770790242162 -34.497718466173, -58.779372056184 -34.502351716668, -58.777731345304 -34.50443682679, -58.774880740738 -34.502915086202, -58.769152590485 -34.499901748032, -58.770790242162 -34.497718466173))","06","Buenos Aires","06412","José C. Paz","064121606","",0.26250983047263,-34.501086,-58.77424,"POLYGON((-58.770790 -34.497718,-58.779372 -34.502351,-58.777731 -34.504436,-58.774880 -34.502915,-58.769152 -34.499901,-58.770790 -34.497718))"
6331,"León",88,2019,"Década 2010","Asentamiento","NO","Conexión irregular a la red","Desagüe a cámara séptica y pozo ciego","Bomba de agua de pozo comunitaria","Gas en garrafa","POLYGON((-58.775457463293 -34.495524956181, -58.77696244853 -34.496332809292, -58.775882971213 -34.497678645318, -58.774399462772 -34.496902817324, -58.775457463293 -34.495524956181))","06","Buenos Aires","06412","José C. Paz","064121607","",0.02936007037941,-34.496607,-58.775676,"POLYGON((-58.775457 -34.495524,-58.776962 -34.496332,-58.775882 -34.497678,-58.774399 -34.496902,-58.775457 -34.495524))"
6328,"Frino",55,0,"Década 1990","Asentamiento","NO","Conexión formal a la red con medidor domiciliario con factura","Desagüe a cámara séptica y pozo ciego","Bomba de agua de pozo domiciliaria","Gas en garrafa","POLYGON((-58.773126561698 -34.5048246752, -58.77468300521 -34.505634025827, -58.773879314379 -34.506698067209, -58.772305891483 -34.505854757816, -58.773126561698 -34.5048246752))","06","Buenos Aires","06412","José C. Paz","064121613","",0.02353382383467,-34.505756,-58.7735,"POLYGON((-58.773126 -34.504824,-58.774683 -34.505634,-58.773879 -34.506698,-58.772305 -34.505854,-58.773126 -34.504824))"
1521,"Providencia",385,0,"Década 1990","Asentamiento","NO","Conexión irregular a la red","Desagüe sólo a pozo negro/ciego u hoyo","Bomba de agua de pozo comunitaria","Gas en garrafa","POLYGON((-58.736343716057 -34.532079665438, -58.736223801805 -34.5320589931, -58.736137845788 -34.532037970845, -58.735998054917 -34.531964569083, -58.735814528944 -34.531763048358, -58.735190202 -34.531206715, -58.734666019022 -34.530731596179, -58.735091263388 -34.530507675233, -58.735200553244 -34.530514249059, -58.735296695448 -34.530552870287, -58.73545939764 -34.530662981871, -58.735586168942 -34.530685476269, -58.736459440911 -34.530031894581, -58.735498018867 -34.529198662144, -58.736129813345 -34.528723859739, -58.737655877232 -34.53013050197, -58.739125949057 -34.531497857765, -58.73828881341 -34.53211744086, -58.738269159529 -34.532098349502, -58.73779228412 -34.532432573641, -58.737755306349 -34.532396006734, -58.737382194737 -34.532663007539, -58.737212143981 -34.532746062965, -58.736343716057 -34.532079665438))","06","Buenos Aires","06412","José C. Paz","064121902","",0.0794495171862,-34.530979,-58.736929,"POLYGON((-58.736343 -34.532079,-58.736223 -34.532058,-58.736137 -34.532037,-58.735998 -34.531964,-58.735814 -34.531763,-58.735190 -34.531206,-58.734666 -34.530731,-58.735091 -34.530507,-58.735200 -34.530514,-58.735296 -34.530552,-58.735459 -34.530662,-58.735586 -34.530685,-58.736459 -34.530031,-58.735498 -34.529198,-58.736129 -34.528723,-58.737655 -34.530130,-58.739125 -34.531497,-58.738288 -34.532117,-58.738269 -34.532098,-58.737792 -34.532432,-58.737755 -34.532396,-58.737382 -34.532663,-58.737212 -34.532746,-58.736343 -34.532079))"
1557,"La Triangulito",39,0,"Década 1970","Asentamiento","NO","Conexión irregular a la red","Desagüe a cámara séptica y pozo ciego","Bomba de agua de pozo comunitaria","Gas en garrafa","POLYGON((-58.771095240298 -34.522077779728, -58.77063728659 -34.522641732135, -58.770535812519 -34.522617326438, -58.770492750746 -34.522527795302, -58.770398739226 -34.521853564184, -58.770612918659 -34.52162239625, -58.770804650314 -34.521696302842, -58.77068946777 -34.521864497455, -58.771095240298 -34.522077779728))","06","Buenos Aires","06412","José C. Paz","064122103","",0.00386155464349,-34.52213,-58.770674,"POLYGON((-58.771095 -34.522077,-58.770637 -34.522641,-58.770535 -34.522617,-58.770492 -34.522527,-58.770398 -34.521853,-58.770612 -34.521622,-58.770804 -34.521696,-58.770689 -34.521864,-58.771095 -34.522077))"
1537,"Estación Piñero",220,0,"Década 1980","Villa","NO","Conexión formal a la red con medidor domiciliario con factura","Desagüe a cámara séptica y pozo ciego","Bomba de agua de pozo comunitaria","Gas en garrafa","POLYGON((-58.772365451 -34.515079121, -58.772639036 -34.515755403, -58.769277547479 -34.516707122038, -58.769116766699 -34.516178110076, -58.768887759182 -34.515661789225, -58.768762563479 -34.515324986703, -58.770396709 -34.514858113, -58.772107959 -34.514407255, -58.772365451 -34.515079121))","06","Buenos Aires","06412","José C. Paz","064122205","",0.05169570045843,-34.515545,-58.770694,"POLYGON((-58.772365 -34.515079,-58.772639 -34.515755,-58.769277 -34.516707,-58.769116 -34.516178,-58.768887 -34.515661,-58.768762 -34.515324,-58.770396 -34.514858,-58.772107 -34.514407,-58.772365 -34.515079))"
6334,"Sol y Verde",616,0,"Década 1980","Asentamiento","NO","Conexión regular a la red con medidor domiciliario pero sin factura","Desagüe a cámara séptica y pozo ciego","Bomba de agua de pozo domiciliaria","Gas en garrafa","POLYGON((-58.798401583258 -34.503520015633, -58.798237008969 -34.503182540268, -58.79642796845 -34.503750910157, -58.796598746419 -34.504094598067, -58.791278175387 -34.505848079609, -58.791234662357 -34.505746791807, -58.792045977515 -34.504833415647, -58.791350999663 -34.504343667164, -58.795339563959 -34.502989775517, -58.795626966603 -34.503621553658, -58.798814043403 -34.502619975786, -58.798465963721 -34.50202757294, -58.800057945158 -34.501483982984, -58.800215954261 -34.501827782971, -58.801750479719 -34.501335853445, -58.801597429629 -34.501010828406, -58.805788721443 -34.499662349733, -58.806084963452 -34.500300122825, -58.80691588031 -34.50003524591, -58.806604796041 -34.499394411402, -58.808965810477 -34.498668357014, -58.808676193948 -34.498047626537, -58.809689877338 -34.497728145548, -58.810086908803 -34.498597473513, -58.80972936803 -34.498940892247, -58.810196468983 -34.499349693417, -58.810783768207 -34.498775613845, -58.811602610578 -34.499492262926, -58.808248466288 -34.500529094169, -58.798401583258 -34.503520015633))","06","Buenos Aires","06412","José C. Paz","064122309","",0.26468305436408,-34.50173,-58.801895,"POLYGON((-58.798401 -34.503520,-58.798237 -34.503182,-58.796427 -34.503750,-58.796598 -34.504094,-58.791278 -34.505848,-58.791234 -34.505746,-58.792045 -34.504833,-58.791350 -34.504343,-58.795339 -34.502989,-58.795626 -34.503621,-58.798814 -34.502619,-58.798465 -34.502027,-58.800057 -34.501483,-58.800215 -34.501827,-58.801750 -34.501335,-58.801597 -34.501010,-58.805788 -34.499662,-58.806084 -34.500300,-58.806915 -34.500035,-58.806604 -34.499394,-58.808965 -34.498668,-58.808676 -34.498047,-58.809689 -34.497728,-58.810086 -34.498597,-58.809729 -34.498940,-58.810196 -34.499349,-58.810783 -34.498775,-58.811602 -34.499492,-58.808248 -34.500529,-58.798401 -34.503520))"
1082,"Estación Sol y Verde",50,2012,"Década 2010","Villa","NO","Conexión irregular a la red","Desagüe a cámara séptica y pozo ciego","Bomba de agua de pozo domiciliaria","Gas en garrafa","MULTIPOLYGON(((-58.796609057629 -34.505275371926, -58.79655926368 -34.505236539618, -58.796366786345 -34.504716719674, -58.797911776654 -34.504246312191, -58.798141771073 -34.504823274948, -58.796810680916 -34.505224981421, -58.796609057629 -34.505275371926)), ((-58.800154711471 -34.503518823435, -58.80032567529 -34.503889828852, -58.799787826747 -34.50402830826, -58.799648966926 -34.50367620839, -58.800154711471 -34.503518823435)))","06","Buenos Aires","06412","José C. Paz","064122312","",0.01233327608286,-34.504596,-58.79773,"MULTIPOLYGON(((-58.796609 -34.505275,-58.796559 -34.505236,-58.796366 -34.504716,-58.797911 -34.504246,-58.798141 -34.504823,-58.796810 -34.505224,-58.796609 -34.505275)),((-58.800154 -34.503518,-58.800325 -34.503889,-58.799787 -34.504028,-58.799648 -34.503676,-58.800154 -34.503518)))"
919,"Vucetich II",39,0,"Década 1990","Asentamiento","NO","Conexión formal a la red con medidor domiciliario con factura","Desagüe sólo a pozo negro/ciego u hoyo","Bomba de agua de pozo domiciliaria","Gas en garrafa","POLYGON((-58.794424529968 -34.506076743547, -58.794427147895 -34.506204214353, -58.794445850196 -34.506418609131, -58.794446435654 -34.50645571336, -58.794467061606 -34.506706694358, -58.794032598226 -34.50680676552, -58.793916314986 -34.506527483756, -58.79387419254 -34.506432018023, -58.793807609434 -34.506268417853, -58.794424529968 -34.506076743547))","06","Buenos Aires","06412","José C. Paz","064122313","",0.00331110868801,-34.506447,-58.79418,"POLYGON((-58.794424 -34.506076,-58.794427 -34.506204,-58.794445 -34.506418,-58.794446 -34.506455,-58.794467 -34.506706,-58.794032 -34.506806,-58.793916 -34.506527,-58.793874 -34.506432,-58.793807 -34.506268,-58.794424 -34.506076))"
653,"Sagrada Familia",935,0,"Década 1990","Villa","NO","Conexión irregular a la red","Desagüe a cámara séptica y pozo ciego","Bomba de agua de pozo domiciliaria","Gas en garrafa","POLYGON((-58.793171107812 -34.505635802344, -58.794454634766 -34.508622508984, -58.78558685332 -34.511105835352, -58.785285290813 -34.510268358169, -58.784493 -34.508424401172, -58.793171107812 -34.505635802344))","06","Buenos Aires","06412","José C. Paz","064122315","",0.28470171635536,-34.508421,-58.789518,"POLYGON((-58.793171 -34.505635,-58.794454 -34.508622,-58.785586 -34.511105,-58.785285 -34.510268,-58.784493 -34.508424,-58.793171 -34.505635))"
1368,"Saavedra Lamas II",341,0,"Década 2000","Asentamiento","NO","Conexión irregular a la red","Desagüe a cámara séptica y pozo ciego","Bomba de agua de pozo domiciliaria","Gas en garrafa","POLYGON((-58.810915888864 -34.510262054087, -58.810317412762 -34.510852619294, -58.810694218 -34.511140668, -58.810060628924 -34.51180871778, -58.809665293362 -34.511520885748, -58.806764431974 -34.514588204214, -58.80632054643 -34.514276097191, -58.806315520846 -34.514183049556, -58.805170362638 -34.513413568404, -58.807769243196 -34.510681664641, -58.808265146577 -34.510199632683, -58.809315906888 -34.509138468804, -58.810915888864 -34.510262054087))","06","Buenos Aires","06412","José C. Paz","064122404","",0.12263634945582,-34.511824,-58.808108,"POLYGON((-58.810915 -34.510262,-58.810317 -34.510852,-58.810694 -34.511140,-58.810060 -34.511808,-58.809665 -34.511520,-58.806764 -34.514588,-58.806320 -34.514276,-58.806315 -34.514183,-58.805170 -34.513413,-58.807769 -34.510681,-58.808265 -34.510199,-58.809315 -34.509138,-58.810915 -34.510262))"
1374,"San Pantaleón II",94,2014,"Década 2010","Asentamiento","NO","Conexión irregular a la red","Desagüe sólo a pozo negro/ciego u hoyo","Bomba de agua de pozo domiciliaria","Gas en garrafa","POLYGON((-58.805104134036 -34.513372332293, -58.806268942402 -34.514151751986, -58.806253937547 -34.514229602809, -58.804944611518 -34.515521394279, -58.805291538349 -34.515764350516, -58.803685900779 -34.517352315294, -58.803135937813 -34.516936090898, -58.803746215225 -34.516337452191, -58.80346289683 -34.51614099464, -58.803753832499 -34.515850725206, -58.803793555549 -34.515883963172, -58.804029817913 -34.515673448218, -58.804055799112 -34.515692874049, -58.804324640723 -34.515440444994, -58.803940422443 -34.515200687189, -58.804135658802 -34.514994854784, -58.803789875441 -34.514765495992, -58.805104134036 -34.513372332293))","06","Buenos Aires","06412","José C. Paz","064122406","",0.04773499097277,-34.515204,-58.80467,"POLYGON((-58.805104 -34.513372,-58.806268 -34.514151,-58.806253 -34.514229,-58.804944 -34.515521,-58.805291 -34.515764,-58.803685 -34.517352,-58.803135 -34.516936,-58.803746 -34.516337,-58.803462 -34.516140,-58.803753 -34.515850,-58.803793 -34.515883,-58.804029 -34.515673,-58.804055 -34.515692,-58.804324 -34.515440,-58.803940 -34.515200,-58.804135 -34.514994,-58.803789 -34.514765,-58.805104 -34.513372))"
5342,"La Bistrica",209,2018,"Década 2010","Asentamiento","NO","Conexión irregular a la red","Desagüe a cámara séptica y pozo ciego","Conexión irregular a la red de agua","Gas en garrafa","POLYGON((-58.806253937547 -34.514229602809, -58.806764431974 -34.514588204214, -58.806806474173 -34.514543749551, -58.809120520432 -34.516186297426, -58.809044798656 -34.516404114968, -58.809369211927 -34.516613864324, -58.809410164828 -34.516638950657, -58.808811162855 -34.517197088836, -58.808888271652 -34.517262451103, -58.808247752205 -34.517845297387, -58.807802528152 -34.517543945257, -58.805291538349 -34.515764350516, -58.804944611518 -34.515521394279, -58.806253937547 -34.514229602809))","06","Buenos Aires","06412","José C. Paz","064122406","",0.07507727245911,-34.516018,-58.807233,"POLYGON((-58.806253 -34.514229,-58.806764 -34.514588,-58.806806 -34.514543,-58.809120 -34.516186,-58.809044 -34.516404,-58.809369 -34.516613,-58.809410 -34.516638,-58.808811 -34.517197,-58.808888 -34.517262,-58.808247 -34.517845,-58.807802 -34.517543,-58.805291 -34.515764,-58.804944 -34.515521,-58.806253 -34.514229))"
5343,"La Esperanza de Lamas",220,2018,"Década 2010","Asentamiento","NO","Conexión irregular a la red","Desagüe sólo a pozo negro/ciego u hoyo","Bomba de agua de pozo domiciliaria","Gas en garrafa","MULTIPOLYGON(((-58.808113563903 -34.515471543215, -58.806806474173 -34.514543749551, -58.808947049437 -34.512280343908, -58.809468383079 -34.512632938364, -58.808580740047 -34.513543843766, -58.809427980017 -34.514119281318, -58.808113563903 -34.515471543215)), ((-58.811949673631 -34.516968477059, -58.812606354241 -34.516269826128, -58.813123023703 -34.516637126693, -58.812450863669 -34.517344792448, -58.811949673631 -34.516968477059)), ((-58.810818697139 -34.514180252303, -58.812121251943 -34.515089332308, -58.811590768179 -34.515687042564, -58.811214074564 -34.51543559706, -58.810640071882 -34.516081890672, -58.811109604438 -34.516391647482, -58.81053060629 -34.51704548529, -58.811354373555 -34.517601824452, -58.811415797409 -34.517636010185, -58.812749270854 -34.518501374329, -58.814972994217 -34.516229423065, -58.8154694 -34.5165619, -58.813044666249 -34.519008664009, -58.809987578144 -34.516916472283, -58.809440223369 -34.516553871898, -58.809369211927 -34.516613864324, -58.809044798656 -34.516404114968, -58.809120520432 -34.516186297426, -58.808992915996 -34.516095635967, -58.810818697139 -34.514180252303), (-58.810108710398 -34.515819270768, -58.809579797584 -34.516380016297, -58.809966687513 -34.516646921375, -58.810476010963 -34.516083727175, -58.810108710398 -34.515819270768)))","06","Buenos Aires","06412","José C. Paz","064122407","",0.10998044587743,-34.515625,-58.810541,"MULTIPOLYGON(((-58.808113 -34.515471,-58.806806 -34.514543,-58.808947 -34.512280,-58.809468 -34.512632,-58.808580 -34.513543,-58.809427 -34.514119,-58.808113 -34.515471)),((-58.811949 -34.516968,-58.812606 -34.516269,-58.813123 -34.516637,-58.812450 -34.517344,-58.811949 -34.516968)),((-58.810818 -34.514180,-58.812121 -34.515089,-58.811590 -34.515687,-58.811214 -34.515435,-58.810640 -34.516081,-58.811109 -34.516391,-58.810530 -34.517045,-58.811354 -34.517601,-58.811415 -34.517636,-58.812749 -34.518501,-58.814972 -34.516229,-58.815469 -34.516561,-58.813044 -34.519008,-58.809987 -34.516916,-58.809440 -34.516553,-58.809369 -34.516613,-58.809044 -34.516404,-58.809120 -34.516186,-58.808992 -34.516095,-58.810818 -34.514180),(-58.810108 -34.515819,-58.809579 -34.516380,-58.809966 -34.516646,-58.810476 -34.516083,-58.810108 -34.515819)))"
6332,"Las Casitas de Lamas",532,2019,"Década 2010","Conjunto habitacional degradado","NO","Conexión regular a la red con medidor domiciliario pero sin factura","Desagüe a cámara séptica y pozo ciego","Bomba de agua de pozo domiciliaria","Gas en garrafa","MULTIPOLYGON(((-58.814972994217 -34.516229423065, -58.812749270854 -34.518501374329, -58.81053060629 -34.51704548529, -58.811109604438 -34.516391647482, -58.810640071882 -34.516081890672, -58.811214074564 -34.51543559706, -58.811590768179 -34.515687042564, -58.812121251943 -34.515089332308, -58.810818697139 -34.514180252303, -58.808992915996 -34.516095635967, -58.808113563903 -34.515471543215, -58.809427980017 -34.514119281318, -58.808580740047 -34.513543843766, -58.809468383079 -34.512632938364, -58.80954720769 -34.512564741223, -58.814972994217 -34.516229423065), (-58.812606354241 -34.516269826128, -58.811949673631 -34.516968477059, -58.812450863669 -34.517344792448, -58.813123023703 -34.516637126693, -58.812606354241 -34.516269826128)), ((-58.810476010963 -34.516083727175, -58.809966687513 -34.516646921375, -58.809579797584 -34.516380016297, -58.810108710398 -34.515819270768, -58.810476010963 -34.516083727175)))","06","Buenos Aires","06412","José C. Paz","064122407","",0.15070386924456,-34.515625,-58.811536,"MULTIPOLYGON(((-58.814972 -34.516229,-58.812749 -34.518501,-58.810530 -34.517045,-58.811109 -34.516391,-58.810640 -34.516081,-58.811214 -34.515435,-58.811590 -34.515687,-58.812121 -34.515089,-58.810818 -34.514180,-58.808992 -34.516095,-58.808113 -34.515471,-58.809427 -34.514119,-58.808580 -34.513543,-58.809468 -34.512632,-58.809547 -34.512564,-58.814972 -34.516229),(-58.812606 -34.516269,-58.811949 -34.516968,-58.812450 -34.517344,-58.813123 -34.516637,-58.812606 -34.516269)),((-58.810476 -34.516083,-58.809966 -34.516646,-58.809579 -34.516380,-58.810108 -34.515819,-58.810476 -34.516083)))"
1073,"Vucetich I",165,0,"Década 1910","Asentamiento","NO","Conexión a la red con medidor comunitario","Desagüe sólo a pozo negro/ciego u hoyo","Bomba de agua de pozo domiciliaria","Gas en garrafa","POLYGON((-58.801811473121 -34.50601873008, -58.802004386693 -34.506442046363, -58.800321937707 -34.506919029689, -58.800049321719 -34.507057718639, -58.80069196782 -34.508154503949, -58.800168601954 -34.508629184619, -58.799292954107 -34.507510561463, -58.797737431837 -34.507940246745, -58.795458753019 -34.508645391671, -58.795328591441 -34.508504955339, -58.797672311028 -34.507797322888, -58.797448096552 -34.50722220554, -58.801811473121 -34.50601873008))","06","Buenos Aires","06412","José C. Paz","064122501","",0.04315203535181,-34.507316,-58.799347,"POLYGON((-58.801811 -34.506018,-58.802004 -34.506442,-58.800321 -34.506919,-58.800049 -34.507057,-58.800691 -34.508154,-58.800168 -34.508629,-58.799292 -34.507510,-58.797737 -34.507940,-58.795458 -34.508645,-58.795328 -34.508504,-58.797672 -34.507797,-58.797448 -34.507222,-58.801811 -34.506018))"
721,"Comunidad Guaraní",572,0,"Década 1980","Asentamiento","NO","Conexión irregular a la red","Desagüe a cámara séptica y pozo ciego","Bomba de agua de pozo domiciliaria","Gas en garrafa","POLYGON((-58.794997906749 -34.512425557456, -58.795476503304 -34.512759821322, -58.795382502223 -34.512869396616, -58.795314024237 -34.512817031488, -58.795191269396 -34.512947967247, -58.795117840513 -34.512894229041, -58.795041841033 -34.512979289759, -58.794697204922 -34.512738759231, -58.794534059438 -34.512928041836, -58.794467659547 -34.512876333528, -58.794402446789 -34.512940026881, -58.794302136076 -34.512888741633, -58.794207773737 -34.512992137796, -58.795315761692 -34.513706904641, -58.79510079413 -34.513915979539, -58.793709300355 -34.512977752056, -58.79242256444 -34.5121323835, -58.791845799037 -34.512763969858, -58.790229724209 -34.511677340182, -58.788472678181 -34.510495476645, -58.788533847917 -34.51048380721, -58.788727578987 -34.510376773469, -58.791204633105 -34.509699203019, -58.791473218823 -34.509891266146, -58.791405185576 -34.509963426484, -58.792463299795 -34.510612066096, -58.794676491263 -34.511966783963, -58.795155641231 -34.51225412068, -58.794997906749 -34.512425557456))","06","Buenos Aires","06412","José C. Paz","064122503","",0.10752496920807,-34.511485,-58.792015,"POLYGON((-58.794997 -34.512425,-58.795476 -34.512759,-58.795382 -34.512869,-58.795314 -34.512817,-58.795191 -34.512947,-58.795117 -34.512894,-58.795041 -34.512979,-58.794697 -34.512738,-58.794534 -34.512928,-58.794467 -34.512876,-58.794402 -34.512940,-58.794302 -34.512888,-58.794207 -34.512992,-58.795315 -34.513706,-58.795100 -34.513915,-58.793709 -34.512977,-58.792422 -34.512132,-58.791845 -34.512763,-58.790229 -34.511677,-58.788472 -34.510495,-58.788533 -34.510483,-58.788727 -34.510376,-58.791204 -34.509699,-58.791473 -34.509891,-58.791405 -34.509963,-58.792463 -34.510612,-58.794676 -34.511966,-58.795155 -34.512254,-58.794997 -34.512425))"
1370,"Roosevelt I",88,0,"Década 1980","Villa","NO","Conexión formal a la red con medidor domiciliario con factura","Desagüe sólo a pozo negro/ciego u hoyo","Bomba de agua de pozo domiciliaria","Gas en garrafa","POLYGON((-58.800444535087 -34.515880730711, -58.799141546906 -34.51717324197, -58.798166603071 -34.516542519196, -58.797716603538 -34.516224923741, -58.799050410548 -34.514816269665, -58.800441471772 -34.515767607788, -58.800444535087 -34.515880730711))","06","Buenos Aires","06412","José C. Paz","064122506","",0.03383008690917,-34.516005,-58.799103,"POLYGON((-58.800444 -34.515880,-58.799141 -34.517173,-58.798166 -34.516542,-58.797716 -34.516224,-58.799050 -34.514816,-58.800441 -34.515767,-58.800444 -34.515880))"
5344,"Bolívar",66,2018,"Década 2010","Asentamiento","NO","Conexión regular a la red con medidor domiciliario pero sin factura","Desagüe a cámara séptica y pozo ciego","Bomba de agua de pozo domiciliaria","Gas en garrafa","POLYGON((-58.801936567374 -34.516736298516, -58.800570853296 -34.518122708592, -58.799253971283 -34.517260590699, -58.79927048036 -34.51708621357, -58.799337479303 -34.516978885005, -58.799643630096 -34.516675195875, -58.800464583882 -34.517221842438, -58.800700579185 -34.516953625042, -58.799914786737 -34.51640621952, -58.800082650223 -34.516239772588, -58.800160164856 -34.516232384726, -58.800286820434 -34.51618259954, -58.800341506753 -34.516135135942, -58.800707801906 -34.516394895956, -58.800964724423 -34.516097732564, -58.801237640107 -34.516268498333, -58.801275817349 -34.516222066553, -58.80151932624 -34.516389736869, -58.80148837172 -34.516426882293, -58.801623281836 -34.51651897199, -58.801637727279 -34.516499109507, -58.801661974986 -34.516515489607, -58.801681708493 -34.516491370877, -58.801759094793 -34.516544380492, -58.801730719816 -34.51658410546, -58.801936567374 -34.516736298516))","06","Buenos Aires","06412","José C. Paz","064122506","",0.02745332701192,-34.517047,-58.800601,"POLYGON((-58.801936 -34.516736,-58.800570 -34.518122,-58.799253 -34.517260,-58.799270 -34.517086,-58.799337 -34.516978,-58.799643 -34.516675,-58.800464 -34.517221,-58.800700 -34.516953,-58.799914 -34.516406,-58.800082 -34.516239,-58.800160 -34.516232,-58.800286 -34.516182,-58.800341 -34.516135,-58.800707 -34.516394,-58.800964 -34.516097,-58.801237 -34.516268,-58.801275 -34.516222,-58.801519 -34.516389,-58.801488 -34.516426,-58.801623 -34.516518,-58.801637 -34.516499,-58.801661 -34.516515,-58.801681 -34.516491,-58.801759 -34.516544,-58.801730 -34.516584,-58.801936 -34.516736))"
1371,"San Pantaleón III",220,0,"Década 1980","Villa","NO","Conexión formal a la red con medidor domiciliario con factura","Desagüe sólo a pozo negro/ciego u hoyo","Conexión irregular a la red de agua","Gas en garrafa","POLYGON((-58.802348497995 -34.519360088049, -58.8028022622 -34.519670430865, -58.802376646127 -34.520082585663, -58.801910447883 -34.519790713287, -58.801058106236 -34.520628607887, -58.799248657858 -34.519347957762, -58.801419771577 -34.51733603486, -58.801931722365 -34.517702695, -58.801811884586 -34.517870041529, -58.801973603848 -34.517979077807, -58.802092907399 -34.517879660882, -58.80247929661 -34.517870870031, -58.802944012894 -34.518029552823, -58.80340003993 -34.518326369572, -58.802348497995 -34.519360088049))","06","Buenos Aires","06412","José C. Paz","064122507","",0.06999253766004,-34.518985,-58.801335,"POLYGON((-58.802348 -34.519360,-58.802802 -34.519670,-58.802376 -34.520082,-58.801910 -34.519790,-58.801058 -34.520628,-58.799248 -34.519347,-58.801419 -34.517336,-58.801931 -34.517702,-58.801811 -34.517870,-58.801973 -34.517979,-58.802092 -34.517879,-58.802479 -34.517870,-58.802944 -34.518029,-58.803400 -34.518326,-58.802348 -34.519360))"
442,"Muñiz",451,0,"Década 1980","Asentamiento","NO","Conexión irregular a la red","Desagüe a cámara séptica y pozo ciego","Bomba de agua de pozo domiciliaria","Gas en garrafa","POLYGON((-58.798262568618 -34.520469515587, -58.796026221902 -34.522779915775, -58.791587750118 -34.519791781219, -58.792188880169 -34.519187043566, -58.791929352105 -34.519013035916, -58.792454715743 -34.518421074207, -58.792513131766 -34.518463126132, -58.79266801985 -34.51828235994, -58.792909847182 -34.518453009778, -58.793627466188 -34.517698477624, -58.793803577889 -34.517498156459, -58.794918700907 -34.518248776498, -58.798262568618 -34.520469515587))","06","Buenos Aires","06412","José C. Paz","064122603","",0.17465162130329,-34.520115,-58.794879,"POLYGON((-58.798262 -34.520469,-58.796026 -34.522779,-58.791587 -34.519791,-58.792188 -34.519187,-58.791929 -34.519013,-58.792454 -34.518421,-58.792513 -34.518463,-58.792668 -34.518282,-58.792909 -34.518453,-58.793627 -34.517698,-58.793803 -34.517498,-58.794918 -34.518248,-58.798262 -34.520469))"
441,"Comunidad Pueblo Guaraní",55,2011,"Década 2010","Asentamiento","NO","Conexión irregular a la red","Desagüe sólo a pozo negro/ciego u hoyo","Bomba de agua de pozo domiciliaria","Gas en garrafa","POLYGON((-58.791929352105 -34.519013035916, -58.791050612623 -34.518413710169, -58.791761400875 -34.517704332649, -58.792123448115 -34.517950257447, -58.792330392296 -34.517740607791, -58.791975462185 -34.517512954323, -58.792192710504 -34.5172763404, -58.792367155659 -34.517386324953, -58.792799690625 -34.516943240364, -58.793762131013 -34.51753912547, -58.792909469014 -34.5184493702, -58.79266801985 -34.51828235994, -58.792513131766 -34.518463126132, -58.792454715743 -34.518421074207, -58.791929352105 -34.519013035916))","06","Buenos Aires","06412","José C. Paz","064122604","",0.02475998165473,-34.517966,-58.792421,"POLYGON((-58.791929 -34.519013,-58.791050 -34.518413,-58.791761 -34.517704,-58.792123 -34.517950,-58.792330 -34.517740,-58.791975 -34.517512,-58.792192 -34.517276,-58.792367 -34.517386,-58.792799 -34.516943,-58.793762 -34.517539,-58.792909 -34.518449,-58.792668 -34.518282,-58.792513 -34.518463,-58.792454 -34.518421,-58.791929 -34.519013))"
1372,"San Agustín",132,0,"Década 2000","Asentamiento","NO","Conexión irregular a la red","Desagüe sólo a pozo negro/ciego u hoyo","Bomba de agua de pozo domiciliaria","Gas en garrafa","POLYGON((-58.799267426236 -34.52437877285, -58.799912030723 -34.524864495958, -58.798262211227 -34.526559330325, -58.799714222273 -34.527519408154, -58.798923666394 -34.528325086933, -58.79815221895 -34.527835053545, -58.798122890259 -34.527695354657, -58.796856796478 -34.526803658618, -58.799267426236 -34.52437877285))","06","Buenos Aires","06412","José C. Paz","064122607","",0.04734187490867,-34.526484,-58.798482,"POLYGON((-58.799267 -34.524378,-58.799912 -34.524864,-58.798262 -34.526559,-58.799714 -34.527519,-58.798923 -34.528325,-58.798152 -34.527835,-58.798122 -34.527695,-58.796856 -34.526803,-58.799267 -34.524378))"
1562,"Sarmiento",275,0,"Década 1970","Asentamiento","NO","Conexión formal a la red con medidor domiciliario con factura","Desagüe sólo a pozo negro/ciego u hoyo","Bomba de agua de pozo domiciliaria","Gas en garrafa","POLYGON((-58.775375916598 -34.543946858668, -58.769955701724 -34.549419946611, -58.769170618895 -34.548852368613, -58.773344089544 -34.544633917094, -58.770894569423 -34.542931656977, -58.771477146965 -34.542330866654, -58.773851870031 -34.544007000637, -58.774513524425 -34.543384939577, -58.775375916598 -34.543946858668))","06","Buenos Aires","06412","José C. Paz","064122701","",0.1003862504055,-34.545669,-58.772311,"POLYGON((-58.775375 -34.543946,-58.769955 -34.549419,-58.769170 -34.548852,-58.773344 -34.544633,-58.770894 -34.542931,-58.771477 -34.542330,-58.773851 -34.544007,-58.774513 -34.543384,-58.775375 -34.543946))"
1556,"Unión Néstor Kirchner",2750,2012,"Década 2010","Asentamiento","NO","Conexión irregular a la red","Desagüe sólo a pozo negro/ciego u hoyo","Bomba de agua de pozo domiciliaria","Gas en garrafa","POLYGON((-58.776463 -34.548247, -58.776620914357 -34.548970259992, -58.776059 -34.549093, -58.777505913929 -34.553996965885, -58.777666154047 -34.554631557213, -58.777987 -34.555065, -58.775999 -34.55714, -58.775442 -34.556638, -58.774215 -34.555503, -58.773746 -34.555084, -58.768909 -34.550577, -58.772059 -34.547338, -58.772196 -34.547233, -58.77462 -34.54475, -58.77484 -34.54456, -58.77639 -34.54291, -58.778556 -34.544332, -58.779206 -34.544765, -58.779303 -34.544851, -58.781629 -34.546372, -58.78236603445 -34.546838352473, -58.78168965783 -34.54753732904, -58.781203182832 -34.54723618456, -58.780656123924 -34.547064078188, -58.779550922209 -34.547934694186, -58.777492031378 -34.546102193706, -58.776117 -34.5473, -58.776463 -34.548247))","06","Buenos Aires","06412","José C. Paz","064122708","",0.73543323497006,-34.549746,-58.774957,"POLYGON((-58.776463 -34.548247,-58.776620 -34.548970,-58.776059 -34.549093,-58.777505 -34.553996,-58.777666 -34.554631,-58.777987 -34.555065,-58.775999 -34.55714,-58.775442 -34.556638,-58.774215 -34.555503,-58.773746 -34.555084,-58.768909 -34.550577,-58.772059 -34.547338,-58.772196 -34.547233,-58.77462 -34.54475,-58.77484 -34.54456,-58.77639 -34.54291,-58.778556 -34.544332,-58.779206 -34.544765,-58.779303 -34.544851,-58.781629 -34.546372,-58.782366 -34.546838,-58.781689 -34.547537,-58.781203 -34.547236,-58.780656 -34.547064,-58.779550 -34.547934,-58.777492 -34.546102,-58.776117 -34.5473,-58.776463 -34.548247))"
793,"Parque Jardín",44,0,"Década 1960","Asentamiento","NO","Conexión regular a la red con medidor prepago","Desagüe a cámara séptica y pozo ciego","Bomba de agua de pozo domiciliaria","Gas en garrafa","POLYGON((-58.75003110642 -34.545769761867, -58.74946134213 -34.545219228395, -58.749947974758 -34.544860813196, -58.750531953549 -34.545385782926, -58.75003110642 -34.545769761867))","06","Buenos Aires","06412","José C. Paz","064122902","",0.00488479273925,-34.545311,-58.749995,"POLYGON((-58.750031 -34.545769,-58.749461 -34.545219,-58.749947 -34.544860,-58.750531 -34.545385,-58.750031 -34.545769))"
766,"Parque Jardín II",88,0,"Década 1960","Villa","NO","Conexión formal a la red con medidor domiciliario con factura","Desagüe a cámara séptica y pozo ciego","Bomba de agua de pozo domiciliaria","Gas en garrafa","POLYGON((-58.75328958 -34.548767168, -58.752085394043 -34.547682277418, -58.752522636 -34.547344441, -58.753724266 -34.548457882, -58.75328958 -34.548767168))","06","Buenos Aires","06412","José C. Paz","064122903","",0.0088438115634,-34.548059,-58.752902,"POLYGON((-58.753289 -34.548767,-58.752085 -34.547682,-58.752522 -34.547344,-58.753724 -34.548457,-58.753289 -34.548767))"
737,"Ferrari",473,0,"Década 1990","Asentamiento","NO","Conexión formal a la red con medidor domiciliario con factura","Desagüe sólo a pozo negro/ciego u hoyo","Bomba de agua de pozo domiciliaria","Gas en garrafa","POLYGON((-58.760664699196 -34.547585025869, -58.756841126663 -34.550387402261, -58.754388682673 -34.548063405804, -58.758205271131 -34.545331084533, -58.760664699196 -34.547585025869))","06","Buenos Aires","06412","José C. Paz","064122907","",0.15826314060864,-34.547848,-58.757522,"POLYGON((-58.760664 -34.547585,-58.756841 -34.550387,-58.754388 -34.548063,-58.758205 -34.545331,-58.760664 -34.547585))"
