ID_Robo,Fecha_Robo,Patente_Principal,SubTipo,Dirección_Robo,Latitud_Clean_Robo,Longitud_Clean_Robo,Marca_Detectada,Relato_Robo,ID_Hallazgo,Fecha_Hallazgo,Dirección_Hallazgo,Latitud_Clean_Hallazgo,Longitud_Clean_Hallazgo,Relato_Hallazgo,Horas_Hasta_Hallazgo,Dias_Hasta_Hallazgo
10015637623,2026-01-01 08:00:00,A159WMZ,MOTOS,EDUARDO CARASA al 6622,-38.031033832444,-57.587928536789,HONDA,"REFIERE QUE HUBO UN ROBO DE UNA MOTO, MOTOVEHICUO HONDA GLA 150 COLOR NEGRA, PATENTE A159WMZ __ERAN DOS EN UN ROUSER 200 NEGRO, ARMADOS , ERAN DOS MASCULINOS UNO DE NEGRO EL OTRO DE CAMPERA ROJA, AMBOS SIN CASCO. EL LLATE NO ESTA HERIDO ..-  ",52999402,2026-01-01 09:47:00,TRIPULANTES DEL FOURNIER y Rep De Cuba,-38.0219039985,-57.5949079992,"STOP CAR __MOTO ROBADA A MANO ARMADA  SE ENCUENTRA EN EL LUGAR, HONDA GLH COLOR NEGRA , PATENTE A159WMZ [Id.Remoto: 52999402]",1.7833333333333334,0.07430555555555556
10015652064,2026-01-03 22:07:00,AC750EF,VEHÍCULOS,FALUCHO al 75,-38.01789117299,-57.526155475845,TOYOTA,LLAMANTE REFIERE QUE FUERON A BUSCAR EL AUTO Y NOTARON QUE SE LO ROBARON. ES UN  TOYOTA COROLLA COLOR BLANCO PTTE  AC750EF. DESCONOCE AUTORES __EL AUTO SE LO ROBARON DE CALLE GASCON Y ARISTOBULO DEL VALLE ,10015692037,2026-01-11 21:56:00,SICIALIA  y Vertis ,,,MOVIL 30504 PROCEDE A IDENTIFICAR UN AUTOMOVIL COROLLA BLANCO DOMNIO AA028 FJ ESTE DOMNIO SIN IMPEDIMENTO LEGAL EN SUS VIDRIOS POSEE UN GRAVADO DE DOMNIO  AC750EF  ESTE SI POSEE IMPEDIMENTO DEL DIA 4_1 _ 26 DE CRIA 9NA POR ROBO QUEDA MORADO caratula encubrimiento  POR FISCALIA FLAGANCIA DOC DE LA CANELA y TRASLADO DEL MASCULINO EL SR LOVER hector abel de 30 añod domiciliado en gianelle 4030 dni 38704185 ,191.81666666666666,7.992361111111111
10015684727,2026-01-10 16:56:00,A132NRQ,MOTOS,AV INDEPENDENCIA y Av Colon,-38.0012523867,-57.556911611,OTRA / NO ESPECIFICADA,LLAMANTE REFIERE QUE LE ROBARON UNA MOTO ROUSER 200 COLOR NEGRO PATENTE A132NRQ. SE LA ROBARON EN LA VI LA PUBLICA. NO SABE CUANTOS ERAN. NO HAY HERIDOS. ,10015699110,2026-01-13 09:15:00,AV 10 DE FEBRERO,,,"CARGA INVERSA  SUBTTE ORELLANA LUIS. SOLICITA MOVIL EN LA__MORGUE . EN EL LUGAR SE HALLAN__2 MOTOS PRENDIDAS FUEGO, APARENTEMENTE CN SECUESTRO ACTIVO, UNA DE ELLAS UNA ROUSER 200, DOMINIO  A132NRQ,__MOTOR JLXCLE60726 Y LA OTRA UNA__SUZUKI , CON NUMERACION ILEGIBLE.__",64.31666666666666,2.679861111111111
10015728704,2026-01-18 21:39:00,JFO621,VEHÍCULOS,CASILDO VILLAR al 2634,-38.036273309679,-57.593869184662,OTRA / NO ESPECIFICADA,"LLAMANTE REFIERE QUE LE ROBRON EL AUTO A SU VECIINO, DOS MASCULINOS EN UNA MOTO, ARMADOS__SE FUERON POR GUTEMBERG, MUCHO HUMO EN LA MOTO__ES UN CLIO NEGRO, PATENTE JFO621",10015728856,2026-01-18 22:19:00,BENITO LYNCH al 762,-38.077607134111,-57.546489114181,LLAMANTE REFIERE QUE DEJAN UN AUTO AFUERA DEL LUGAR. ES CLIO NEGRO DOMINIO JFO621,0.6666666666666666,0.027777777777777776
10015732576,2026-01-19 17:59:00,A076XGO,MOTOS,GENOVA al 5259,-38.043677680488,-57.580006147678,CORVEN,"REFIERE QUE UNA FEMENINA SE ROBO LA MOTO DE HIJO,  ES CORVEN 110 CC  COLOR ROJO Y NEGRA, PATENTE  A076XGO. NO HAY HERIDOS.-  ",10015732863,2026-01-19 19:05:00,GENOVA al 5241,-38.0437,-57.5797,"LLAMANTE REFIERE QUE LE ROBARON SU MOTO HOY AL MEDIODIA Y SE LA LLEVARON A SU DOMICILIO. LA ENCONTRARON EN GARCIA LORCA Y GIANELLI. ES UNA CORVEN COLOR ROJA PATENTE A076XGO, EN ESTE MOMENTO CON PLASTICOS NEGROS. LA TENIAN DOS O TRES PERSONAS, NO PUEDE APORTAR MAS DATOS. ",1.1,0.04583333333333334
10015745879,2026-01-22 09:57:00,783IUB,MOTOS,FALUCHO al 1957,-38.008357697883,-57.545066482379,HONDA,"LLAMANTE REFIERE QUE LE ROBARON LA MOTO DE LA VEREDA HONDA TITAN COLOR VERDE CO N NEGRO, DOMINIO 783IUB [Id.Remoto: 10015745879]",53443418,2026-01-22 18:56:00,LAUREANO BAUTISTA y Zeballos,-37.9415369984,-57.5528709992,"LLTE DE STOPCARON RECUPERO VEHICULAR REF__ MOTO HONDA CG 150 PTTE 783IUB COLOR VERDE, ES UNA MOTO ROBADA Y SE ENCUENTRA DENTRO DE UN DOMICILIO __",8.983333333333333,0.3743055555555555
10015755999,2026-01-24 04:20:00,A204AMP,MOTOS,VALENCIA y RIZZUTTO,-37.9519589985,-57.5817989992,MONDIAL,"CRIA 7MA , STTE OSORES,__VALENCIA Y AV ARTURO ALIO__PERSONAL POLICIAL INFORMA QUE SE HACE PRESENTE LA SR ESPI GONZALO , CON CONTACTO NRO  2235705755, EL RODADO SUSTRAIDO ES UN MOTO VEHICULO MONDIAL MAX LD 110CC , COLOR AZUL, DOMINIO COLOCADO A204AMP,  AÑO DE FABRICACION 2024, MODALIDAD DEL HECHO ROBO CALIFICADO 02NN.-__",10015757642,2026-01-24 12:57:00,VENEZUELA al 60,,,CRIA 6TA SGTO QUIROGA INFORMA QUE EN EL LUGAR HAY UN MOTOVEHICULO MONDIAL COLOR AZUL DOMINIO:  A204AMP LA MISMA CON PEDIDO DE SECUESTRO ACTIVO DE CRIA 7MA,8.616666666666667,0.3590277777777778
10015782936,2026-01-29 06:33:00,AA291GL,VEHÍCULOS,CNEL VIDAL al 2265,-38.029783306331,-57.596126010849,OTRA / NO ESPECIFICADA,"CRIA 16TA INFORMA QUE DEL LUGAR SUSTRAEN MODALIDAD HURTO VEHICULO REANULT KANGOO COLOR GRIS, DOMINIO AA291GL, VMA CRUZ LUCIA, TEL 223656003",10015782972,2026-01-29 07:03:00,GOÑI al 3185,-38.0252,-57.6178,"LLAMANTE REFIERE QUE QUE ES DE STRIX LOW JACK,  Y ACABA DE ENCONTRAR UN VEHICULO ROBADO ES UNA CAMIONETA KANGOO GRISS DOMINIO AA291GL",0.5,0.020833333333333332
10015782936,2026-01-29 06:33:00,AA291GL,VEHÍCULOS,CNEL VIDAL al 2265,-38.029783306331,-57.596126010849,OTRA / NO ESPECIFICADA,"CRIA 16TA INFORMA QUE DEL LUGAR SUSTRAEN MODALIDAD HURTO VEHICULO REANULT KANGOO COLOR GRIS, DOMINIO AA291GL, VMA CRUZ LUCIA, TEL 223656003",53580053,2026-01-29 08:02:00,AV MARIO BRAVO y Goñi,-38.0254029985,-57.6178259992,"STRIX. RECUPERO VEHICULAR. CAMIONETA RENAULT KAONGOO GRIS, AA291GL",1.4833333333333334,0.06180555555555556
10015787431,2026-01-30 01:57:00,BNT985,VEHÍCULOS,MATHEU y TRES ARROYOS,-37.9963279985,-57.5996509992,VOLKSWAGEN,"MOVIL RO 31251 , SGTO PODEROSO,__MATHEU Y ESTADO DE ISRAEL__PERSONAL POLICIAL INFORMA QUE SE HACE PRESENTE LA SR HERNANDEZ RUBEN , QUIEN APORTA NRO DE CONTACTO  2234225765, EL RODADO SUSTRAIDO ES UN  AUTOMOVIL VOLKSWAGEN POLO , COLOR GRIS, DOMINIO COLOCADO BNT985,  AÑO DE FABRICACION 1998, MODALIDAD DEL HECHO HURTO.-__ [Id.Remoto: 10015787431]",10015787919,2026-01-30 05:58:00,AV VERTIZ y Che Guevara,-37.9940179985,-57.6249199992,LLTE REF QUE DEJARON UN POLO GRIS DOMINIO BNT985 ESTA CHOCADO  . RUEDAS PINCHADAS  Y BIDON DE NAFTA AL COSTADO ,4.016666666666667,0.1673611111111111
10015790413,2026-01-30 18:53:00,AC411UQ,VEHÍCULOS,MATHEU al 3137,-38.013477477111,-57.565810083203,OTRA / NO ESPECIFICADA,__LLAMANTE INFORMA QUE LE ROBARON LA CAMIONETA EN LA S CALLES SALTA Y VIEYTES__ES UNA AMAROK COLOR BEIGE PATENTE AC411UQ__ESTABA ESTACIONADA Y NO VIO CUANTAS PERSONAS FUERON ,10015792520,2026-01-31 01:41:00,PAULA ALBARRACIN y Ayacucho,-37.9679021672,-57.5864759157,"PREFECTURA CABO PRIMERO MARTINEZ MOVIL 850, A LA RECORRIDA AVISTAN UNA AMAROK PTTE AC411UQ MISMA POSEE PEDIDO DE SECUESTRO ACTIVO DEL DIA 30/01/2026 DE CRIA 2DA POR HURTO",6.8,0.2833333333333333
10015790805,2026-01-30 20:13:00,AC411UQ,VEHÍCULOS,MATHEU al 3137,-38.013477477111,-57.565810083203,OTRA / NO ESPECIFICADA,"INF CRIA 2DA SUB INSPECTOR MONTES SUSTRAEN MODALIDAD HURTO CAMIONETA MARCA VW MODELO AMAROK DOMINIO COLOCADO AC411UQ, AÑO 2018 DE COLOR BEIGE, PROPIETARIO FERRERA DANIEL FLORENCIO, DNI 8460907, TEL 2236877266 DOMICILIO MATHEU 3137 ",10015792520,2026-01-31 01:41:00,PAULA ALBARRACIN y Ayacucho,-37.9679021672,-57.5864759157,"PREFECTURA CABO PRIMERO MARTINEZ MOVIL 850, A LA RECORRIDA AVISTAN UNA AMAROK PTTE AC411UQ MISMA POSEE PEDIDO DE SECUESTRO ACTIVO DEL DIA 30/01/2026 DE CRIA 2DA POR HURTO",5.466666666666667,0.22777777777777777
10015791304,2026-01-30 21:44:00,JGS684,VEHÍCULOS,ZACAGNINI y Manuela Pedraza,-37.9560019984,-57.5415789992,OTRA / NO ESPECIFICADA,"INF CRIA SUSTRAEN MODALIDAD ROBO CALIFICADO VEHICULO VW MARCA SURAN MODELO AÑO NO APORTA COLOR GRIS DOMINIO COLOCADO JGS684, PROPIETARIO GUIRIOLA CARLOS ALBERTO DNI 5089237 TEL 1151226351 DOMICILIO AGUIRE 5033",10015791968,2026-01-31 00:02:00,ISLA DE LOS ESTADOS y Diagonal Atlantico Sur,-37.8969739984,-57.5392409992,"CARGA INVERSA DEL MOVIL 29019 REFIERE EN EL LUGAR DA CON EL VEHICULO SUSTRAIDO DE CRIA 7MA EL MISMO VW SURAN CON DOMINIO COLADO JGS684, EL MISMO SIN OCUPANTES",2.3,0.09583333333333333
10015828748,2026-02-07 10:02:00,A204LNW,MOTOS,LA PAMPA y San Martin,-37.9915849984,-57.5646929992,CORVEN,"LLAMANTE REFIERE QUE EN EL LUGAR LE ROBARON LA MOTO CORVEN 370 ESTABA ATADA AFUERA , REFIERE QUE DOMINIO A204LNW SE DIO CUENTA RECIEN , A LA MADRUGADA ESCUCHO RUIIDOS [Id.Remoto: 10015828748]",10015829430,2026-02-07 13:39:00,MISIONES y Alte Brown,-37.9937933175,-57.5692949157,MOVIL 33643 INFORMA QUE EN RECORRIDA VISUALIZA EL MOTOVEH CORVEN DOMINIO: A204LNW SUSTRAIDA DE LA PAMPA ENTRE RIVADAVIA Y SAN MARTIN A LAS 10:00HS APROX ,3.6166666666666667,0.15069444444444444
10015874192,2026-02-16 15:34:00,GOB780,VEHÍCULOS,CATAMARCA y Vieytes,-38.0177539985,-57.5687269992,HONDA,"ADELANTO CRIA 2DA OA GERVASIO  MANIFIESTA HONDA FIT GRISD OSCURO AÑO 2007 PTTE GOB780 COLOR GRIS OSCURO DAMBIFICADO DANIEL CROTTI TEL 223338528 MODALIDAD HURTO LA DOCUMENTACIONQ UEDO DENTRO DEL VEHICULO, HORARIO DEL HECHO ENTRE LAS 11.00 Y HORA ACTUAL ",10015878005,2026-02-17 10:58:00,CANADA y Av Colon,-37.9699189985,-57.6164479992,"HALLAZGO VEHICULAR, HONDA FIT COLOR GRIS TODO, DOMINIO COLOCADO IMG576, DOMINIO CON PEDIDO DE SECUESTRO GOB780, ROBO CRIA 2DA.-",19.4,0.8083333333333332
10015901598,2026-02-22 08:55:00,DDI085,VEHÍCULOS,BOLIVAR al 9309,-37.9685,-57.6168,CHEVROLET,LLAMANTE REFIERE QUE LE ACABAN DE ROBAR EL AUTO CHEVROLET CORSA COLOR VERDE. PATENTE *DDI085*. SE LO ROBARON DE LA PUERTA DE SU CASA.,10015902581,2026-02-22 14:34:00,AV JUAN B JUSTO y Av Fermin Errea,-37.9751159986,-57.6292159992,"LLAMANTE COMUNCIA QUE DEJARON EL AUTO CHEROLET CORSA COLRO VERDE DDI085 QUE LE ROBARON AL PRIMO, PUEDE HABER UNA PERSONA EN EL LUGAR__ESTAN LLENDO PARA EL LUGAR CON EL TIO EN UN AUTO BLÑANCO",5.65,0.2354166666666667
10015901598,2026-02-22 08:55:00,DDI085,VEHÍCULOS,BOLIVAR al 9309,-37.9685,-57.6168,CHEVROLET,LLAMANTE REFIERE QUE LE ACABAN DE ROBAR EL AUTO CHEVROLET CORSA COLOR VERDE. PATENTE *DDI085*. SE LO ROBARON DE LA PUERTA DE SU CASA.,10015903351,2026-02-22 17:40:00,MORENO al 10752,-37.960345302301,-57.630713795488,"LLAMANTE REFIERE QUE ENCONTRO EL VEHICULO QUE LE ROBARON HOY POR LA MAÑANA, EN ESTE MOMENTO  LO TIENE EN EL DOMICILIO DE SUS PADRES. EL LLAMANTE SE ESTA DIRIGIENDO AL LUGAR. EL AUTO ES UN CORSA VERDE 4 PUERTAS PATENTE DDI085. INDICA QUE FUE A LA COMISARIA A LEVANTAR LA DENUNCIA Y LE DIJERON QUE EL MOVIL TIENE QUE DIRIGIRSE AL DOMICILIO.",8.75,0.3645833333333333
10015909556,2026-02-23 23:33:00,OWL592,VEHÍCULOS,JULIAN AGUIRRE al 6950,-37.9470454929,-57.5658294212,OTRA / NO ESPECIFICADA,"LLAMANTE REFIERE QUE LE ROBARON SU VEHICULO EN LA PUERTA DE SU DOMICILIO. ES UNA ECO SPORT BLANCA PATENTE OWL592. NO SABE CUANTOS ERAN, ADVIRTIO EL ROBO AL SALIR A SACAR A SACAR LA BASURA. NO HAY HERIDOS. [Id.Remoto: 10015909556]",10016009128,2026-03-19 16:59:00,OLAZAR al 53,-38.000124069401,-57.59717380984,LLAMANTE REFIERE QUE HACE 20 DIAS LE ROBARON LA CAMIONETA.- AHORA LA ENCONTRO EN EL LUGAR.- ES UNA ECO SPORT BLANCO.- PATENTE OWL592,569.4333333333333,23.726388888888888
10015909556,2026-02-23 23:33:00,OWL592,VEHÍCULOS,JULIAN AGUIRRE al 6950,-37.9470454929,-57.5658294212,OTRA / NO ESPECIFICADA,"LLAMANTE REFIERE QUE LE ROBARON SU VEHICULO EN LA PUERTA DE SU DOMICILIO. ES UNA ECO SPORT BLANCA PATENTE OWL592. NO SABE CUANTOS ERAN, ADVIRTIO EL ROBO AL SALIR A SACAR A SACAR LA BASURA. NO HAY HERIDOS. [Id.Remoto: 10015909556]",10016043443,2026-03-28 15:48:00,AV JUAN B JUSTO y Av Jara,-38.0069223062,-57.5870688183,"LLAMANTE COMUNICA QUE HAY UNA ECO SPORT BLANCA, HACE UNOS DIAS QUE LA DEJARON AHI, PATENTE OWL592. EL QUE LA DEJO ERA EL SUPUESTO DUEÑO, QUE DIJO QUE LE HABIA ROBADO Y QUE REGRESABA Y AUN NO FUE A RETIRARLAS, HACE 10 DIAS ESTA AHI ",784.25,32.677083333333336
10015928854,2026-02-28 12:38:00,NVK082,VEHÍCULOS,LOPEZ DE GOMARA al 7213,-37.955984605745,-57.577051329085,FORD,"REFIERE QUE ANOCHE LE PEGARON CON UNA PISTOLA, LE ROBARON EN VIA PUBLICA, LE LASTIMARON UN DEDO __SE HIZO PRESENTE POLICIA, LO CURARON,  __SE LLEVARON FORD CUBA BLANCA, TITANIUM PATENTE NVK082",10015932987,2026-03-01 04:36:00,AV CONSTITUCION y Torres De Vera Y Aragon,-37.9569295252,-57.5706258692,"LLAMANTE REFIERE QUE ES EL OFL LESCANO FRANCO, DE FRANCO SERVICIO SE ENCUENTRA EN LA ESTACION DE SERVICIO CON  UNA FORD QUBA BLANCA DOMINIO NVK082 QUE FUERA SUSTRAIDA MAS TEMPRANO Y CON EL TITULAR DE LA MISMA  FRANCISCO MARTIN CACERES   QUE LA RECUPERA EN EL LUGAR ",15.966666666666667,0.6652777777777777
10015944516,2026-03-03 18:34:00,MTT650,VEHÍCULOS,MARCELO T DE ALVEAR al 3325,-38.0547,-57.5821,OTRA / NO ESPECIFICADA,"REFIERE QUE ,LE ROBAN EL AUTOA LA ESPOSA EN CALLE  PUAN Y CERCA DE  LA COSTA __PEUGEOT 208 BORDO PATENTE MTT650 ERAN 5 NN ARMADOS __ESTABAN EN OTRO AUTO __SE VAN PARA MARIO BRAVO Y DIAGONAL 59 Y GIANELLI __",10015944521,2026-03-03 18:35:00,GENOVA y Juramento,-38.0500019985,-57.5716539992,"LLAMANTE REFIERE QUE CREE QUE ROBARON UN AUTO, CHOCARON CONTRA UN BOLSON DE ARENA Y LO DEJARON AHI. ES UN PEUGEOT 208 ROJO DOMINIO MTT650, LOS OCUPANTES SALIERON CORRIENDO CON ARMAS DE FUEGO, ERAN 3 MASCULINOS, PARECIAN MENORES",0.016666666666666666,0.0006944444444444445
10015945060,2026-03-03 20:48:00,AG553HU,VEHÍCULOS,DAIREAUX al 757,-37.9625,-57.5652,OTRA / NO ESPECIFICADA,"LLAMANTE REFIERE QUE HAY GRITOS EN LA CASA DE UNOS VECINOS ,DICE QUE  LE ROBARON EL AUTO  . 3 MASCULINOS  NO SABE SI ESTABAN ARMADOS,  SE VAN POR DAIREAUX HACIA LIBERTAD.  SE LLEVAN UNA TAHOS GRIS ,  PATENTE AG553HU__NO HAY HERIDOS, LO TIRARON AL SUELO Y LE SACARON EL AUTO [Id.Remoto: 10015945060]",10015960488,2026-03-07 19:25:00,STROBEL y Av Schweitzer,-37.9475409985,-57.6068569992,PREFECTURA CABO PRIMERO DE SOUSA ANGEL  QTH STROBEL Y CAMPO 228 HALLARON UN AUTO VW TAOS UN DOMINIO COLOCADO DELANTERO PATENTE AG553HU COLOR GRIS PEDIDO SECUETRO DEL DIA 03/03/2026 ROBO AUTOMOTOR ,94.61666666666666,3.942361111111111
10015967408,2026-03-09 07:07:00,DBV127,VEHÍCULOS,12 DE OCTUBRE al 6801,-38.019727750286,-57.576637565149,FIAT,"LLAMANTE REFIERE QUE LE ROBARON EL AUTO FIAT UNO COLOR ROJO, CAPOT Y TECHO NEGRO. PATENTE DBV127. ",10015972427,2026-03-10 16:48:00,GRAL ROCA al 4898,-38.00053544533,-57.580369223528,____LLAMANTE REFIERE QUE ESTUVO VIENDO LA PUBLICACION DE UN AUTO ROBADO Y ESTA EN LA PUERTA DE LA CASA. ES UN FIAT UNO COLOR BORDO. PATENTE DBV127,33.68333333333333,1.403472222222222
10015968995,2026-03-09 17:30:00,AE406XP,VEHÍCULOS,RICARDO PALMA al 471,-37.966742316406,-57.563061184743,OTRA / NO ESPECIFICADA,LLAMANTE REFIERE QUE A SU MARIDO RECIEN LE ROBARON AUTO POLO NEGRO PATENTE AE406XP DOS EN UNA MOTO DE NEGRO SE FUERON POR JUANA PEÑA PARA TEJEDOR. NO ESTA HERIDO,10015969101,2026-03-09 18:02:00,JOSE INGENIEROS al 2370,-37.954114110616,-57.545890957791,"REFIERE QUE   DEJARON ABANDONADO UN VEHICULO  W POLO COLOR NEGRO, PATENTE AE406XP, IBA UN MASCULINO MANEJANDO, VIO QUE  FUE AL LUGAR OTRO MASCULINO EN UNA MOTO NEGRA  Y SE FUERON A MUY ALTA VELOCIDAD AMBOS MACULINOS EN LA MOTO.- ",0.5333333333333333,0.022222222222222223
10015989573,2026-03-14 21:06:00,RAP345,VEHÍCULOS,AV POLONIA y Azopardo,-38.0164679985,-57.5986039992,OTRA / NO ESPECIFICADA,"LLAMANTE REFIERE QUE LE ROBARON EL AUTO, LO DEJO ESTACIONADO FUERA DE LA CANCHA DE KIMBERLY GOL SL GRIS MODELO 94 PATENTE RAP345",10015989790,2026-03-14 22:07:00,JUAN DE DIOS FILIBERTO y Baigorrita,-38.0183,-57.6423,"LLAMANTE REFIERE QUE LE ROBARON UN AUTO GOL GL GRIS PATENTE RAP345 EN VERTIZ Y POLICIA HACE 2 HS.  INDICA QUE LO RECUPERARON DETRAS DEL CLUB KIMBERLEY, DENTRO DEL BARRIO. EL LLAMANTE FUE A BUSCARLO Y LO ESTAN LLEVANDO A SU DOMICILIO.",1.0166666666666666,0.042361111111111106
10015991256,2026-03-15 04:02:00,AC928UK,VEHÍCULOS,TEODORO BRONZINI y Avellaneda,-37.9943363029,-57.5881917216,FORD,"REFIERE QUE LE QUISIERON ROBAR, LE ROBARON EL AUTO, ERAN 3 MASCULINOS, ESTABAN ARMADOS, NO HAY HERIDOS, EL AUTO ES UNA FORD ECOSPORT AZUL PATENTE AC928UK, SE FUERON POR BRONZINI MANO HACIA COLON [Id.Remoto: 10015991256]",10015992659,2026-03-15 12:55:00,CALABRIA y Udine,-38.0311101854,-57.6002603787,"LLAMANTE COMUNCIA QUE HAY UNA CAMIONETA ESTACIONADA CON EL VIDRIO BAJO,  ES ECO SPORT AZUL PATENTE AC928UK __DESDE LA MAÑANA ESTA  AHI",8.883333333333333,0.37013888888888885
10016010041,2026-03-19 21:20:00,A279VFP,VEHICULAR,Santa Maria De Oro al 3826,-38.0875,-57.5504,MOTOMEL,"REFIERE QUE ROBARON UNA MOTO EL MOVIL FUE PERO NO APORTO LA PATENTE __ MOTOMEL PLUS COLOR ROJO PATENTE A279VFP__RECIEN LE DIJERON EN UN GRUPO DONDE INFORMAN LAS MOTOS ROBADA ,QUE LA DEJARON TIRADA EN EL BARRIO SANTA ROSA NO APORTA QTH EXACTO __ [Id.Remoto: 10016010041]",10016010041,2026-03-19 21:20:00,Santa Maria De Oro al 3826,-38.0875,-57.5504,"REFIERE QUE ROBARON UNA MOTO EL MOVIL FUE PERO NO APORTO LA PATENTE __ MOTOMEL PLUS COLOR ROJO PATENTE A279VFP__RECIEN LE DIJERON EN UN GRUPO DONDE INFORMAN LAS MOTOS ROBADA ,QUE LA DEJARON TIRADA EN EL BARRIO SANTA ROSA NO APORTA QTH EXACTO __ [Id.Remoto: 10016010041]",0.0,0.0
10016011101,2026-03-20 04:07:00,A128ZBC,MOTOS,BENITO LYNCH al 4950,-38.050532338527,-57.582930624034,CORVEN,"LLAMANTE REFIERE QUE ENTRANDO A SU CASA LE  ROBARON  LA MOTO 03 MASCULINOS TODOS ENCAPUCHADOS JOVENES ARMADOS  EN UNA MOTO CROSS, SE FUERON PARA MARIO BRAVO Y GIANELLI  LE ROBARON UNA  CORVEN MIRAGE CELESTE PATENTE A128ZBC ",10016011193,2026-03-20 05:07:00,OTRA,,,"LLAMANTE INFORMA  LE SUSTRAJERON  SU MOTO, ES UNA CORVEN MIRAGE COLOR CEL ESTE PTTE A128ZBC, AHORA REFIERE QUE SU HIJO ESTABA POR EL BARRIO NUEVO GLF Y LA VIO,  ESTA SIN PATTE__CONDUCIDA POR UN MASCULINO  NO SABE DESCRIPCIONES, NO SABE MAS DATOS ",1.0,0.041666666666666664
10016015963,2026-03-21 11:53:00,MIS269,VEHÍCULOS,AVELLANEDA y Catamarca,-38.0086189984,-57.5599379992,OTRA / NO ESPECIFICADA,"REFIERE QUE LE ROBARON EL AUTO, ES UN SUBARU OUT BACK, PATENTE MIS269, DE COLOR GRIS__LO DEJO ESTACIONADO ",10016016240,2026-03-21 13:25:00,PRIMERA JUNTA y Catamarca,-38.0107536316,-57.56457901,LLAMANTE REFIERE QUE DENUNCIO QUE LE HABIAN ROBADO CAMIONETA SUBARU OUTBACK GRIS PATENTE MIS269 REFIERE Y LA ENCONTRO INFORMA QUE LA HABIA ESTACIONADO EN EL OTRO LUGAR,1.5333333333333334,0.0638888888888889
10016019060,2026-03-22 03:55:00,GNC760,VEHÍCULOS,FALUCHO y Arenales,-38.0086529984,-57.5445009992,CHEVROLET,LLAMANTE REFIERE QUE EL AUTO DE SU AMIGO NO ESTA. ES UN CORSA CHEVROLET COLOR GRIS PATENTE GNC760. SALIERON Y YA NO ESTABA,10016021461,2026-03-22 19:18:00,GARAY y Olazabal,-38.0001259985,-57.5702109992,"LLAMANTE REFIERE QUE HOY POR LA MADRUGADA LE ROBARON SU VEHICULO, RADICO LA DENUNCIA. EN ESTE MOMENTO SU ESPOSO LO ENCONTRO EN GARAY CERCA DE OLAZABAL, ES UN CORSA PLATEADO PATENTE GNC760. NO HAY NADIE ALREDEDOR DEL VEHICULO, CREE QUE LO DEJARON ABANDONADO.",15.383333333333333,0.6409722222222222
10016028165,2026-03-24 16:30:00,FCB002,VEHÍCULOS,CORBETA URUGUAY al 3449,-38.0858,-57.5426,OTRA / NO ESPECIFICADA,LLAMANTE DICE QUE PERSONAS SE ROBARON UN  AUTO BORA COLOR NEGRO FCB002 DEL LUGAR NO VIERON HACIA DONDE ESCAPARON [Id.Remoto: 10016028165],10016029400,2026-03-24 21:54:00,HUGO DEL CARRIL y Nicolas Dazeo,-38.0054989987,-57.7054539993,"LLAMANTE REFEIE QUE VIERON UNA PUBLICACION DE UNA PERSOA A KA CUAL LE ROBARON SU AUTO BORA COLOR NEGRO LLANTAS NEGRAS PATENTE FCB002. REFIERE QUE EL MISMO ESTA EN EL LUGAR EN MENCION, REFIERE QUE ES EL MISMO AUTO Y MISMA PATENTE. APORTA TEL QUE APARECE EN LA PUBLICACION QUE SERIA DE LA PERSONA DUEÑA DEL AUTO:  2235635306 [Id.Remoto: 10016029400]",5.4,0.225
10016075937,2026-04-05 06:28:00,AH087BN,VEHÍCULOS,MEXICO y San Lorenzo,,,CITROEN,"INF PREFECTURA CENTENARIO SE ENTREVISTA CON EL SR LUCAS GASAL DNI 34437347, REFIERE QUE EN EL QTH APORTADO LE SUSTRAEN 3 SUJETOS ARMADOS VEHICULO CITROEN ARI CROSS AÑO 2025 DOMINIO COLOCADO AH087BN EL MISMO DE COLOR GRIS PLATA ",10016079839,2026-04-06 09:23:00,JUNCAL y Alberti,-37.9901679985,-57.5876419992,CARGA INVERSA__CABO 1RO LUBASEUSQUI DE PREFECTURA__INFORMA HALLAZGO DE CITROEN C3 AIRCORSS__COLOR GRIS__DOMINIO AH087BN__CON PEDDO DE SECUESTRO DEL DIA 5/4/2026,26.916666666666668,1.121527777777778
10016076593,2026-04-05 12:24:00,AB989YI,VEHÍCULOS,AV DE LOS TRABAJADORES al 4695,-38.084011314144,-57.54075155783,TOYOTA,"REFIERE QUE LE ROBARON EL AUTO, ESTABA EN LA CALLE, TOYOTA ETTIOS PATENTE AB989YI, COLOR NEGRO, DE CAMIONETA BAJARON PERSONAS CON INHIDOR, HAY UN VIDEO BORROSO, CAMIONETA GRIS. ",10016076967,2026-04-05 15:02:00,DIAGONAL MAR DEL PLATA y 35,-38.0087923814,-57.7090300325,MOVIL 30801 INFORMA EL HALLAZGO DE TOYOTA ETIOS DOMINIO AB989YI  MISMO SUSTRAIDO EN HORAS DE LA MAÑANA,2.6333333333333333,0.10972222222222222
10016088335,2026-04-08 22:32:00,AH684JN,VEHÍCULOS,JUAN MARIANI al 7043,-37.951985263251,-57.571429494506,PEUGEOT,"LLAMANTE REFIERE QUE TRES PERSONAS EN MOTO ACABAN DE ROBAR UN AUTO, UN PEUGEOT 2008 BLANCO DOMINIO AH684JN__VAN POR BELGICA HACIA CONSTITUCION. INDICA QUE UNA DE ELLAS ESTABA SIN PATENTE, UN MASCULINO A BORDO CON UN BUZO CLARO Y CAPUCHA, NO SABE SI IBA SOLO O ACOMPAÑADO. INDICA QUE ERAN DOS MOTOS, 3 PERSONAS. LUEGO HABLA LA VICTIMA, REFIERE QUE SON VARIAS MOTOS CHICAS, IBAN DE A UNO Y/O DOS. SUCEDIO CUANDO SE BAJO DEL VEHICULO PARA ABRIR EL PORTON, NO LE MOSTRARON ARMAS, NO ESTA HERIDO",10016088484,2026-04-08 23:37:00,GAMAL NASSER y Gral Roca,-37.9900899985,-57.5988139992,"LLAMANTE DICE QUE HACE MEDIA HORA INFORMARON EL ROBO DE UNA CAMIONETA EN CALLE MARIANI 4073, ES UNA CAMIONETA PEUGEOT 2008, AÑO 2025 COLOR BLANCA, PTENTE AH684JN. DICE QUE TIENE UN GPS A BORDO DE LA MISMA QUE LES INDICA QUE AHORA ESTA EN LA UBICACION APORTADA. DICE QUE ERAN 3 O 4 DELINCUENTES , ESTABAN EN MOTOS CHICAS TIPO 110, NO VIO SI ESTABAN ARMADOS.",1.0833333333333333,0.04513888888888889
10016088335,2026-04-08 22:32:00,AH684JN,VEHÍCULOS,JUAN MARIANI al 7043,-37.951985263251,-57.571429494506,PEUGEOT,"LLAMANTE REFIERE QUE TRES PERSONAS EN MOTO ACABAN DE ROBAR UN AUTO, UN PEUGEOT 2008 BLANCO DOMINIO AH684JN__VAN POR BELGICA HACIA CONSTITUCION. INDICA QUE UNA DE ELLAS ESTABA SIN PATENTE, UN MASCULINO A BORDO CON UN BUZO CLARO Y CAPUCHA, NO SABE SI IBA SOLO O ACOMPAÑADO. INDICA QUE ERAN DOS MOTOS, 3 PERSONAS. LUEGO HABLA LA VICTIMA, REFIERE QUE SON VARIAS MOTOS CHICAS, IBAN DE A UNO Y/O DOS. SUCEDIO CUANDO SE BAJO DEL VEHICULO PARA ABRIR EL PORTON, NO LE MOSTRARON ARMAS, NO ESTA HERIDO",10016089360,2026-04-09 09:42:00,ALVARADO al 6700,-37.989005446343,-57.596514221561,"LLT EREFIERE QUE ENCONTRO SU CAMIONETA PEUGOT  2008 AÑO  2025 PATENTE AH684JN COLOR BLANCA , VIDRIOS POLARIZAOOS __EL ROBO OCURRIO ANOCHE Y REALIZO LA DENUNCIA __ESPERA EN OTRO  AUTO  JUNTO A UN AMIGO, ES UNA KANGOO COLOR GRIS , ESTA A UNA CUADRA DE SU CAMIONETA ",11.166666666666666,0.46527777777777773
10016110339,2026-04-15 08:23:00,JDY353,VEHÍCULOS,AV VICTORIO TETAMANTI y Av Mario Bravo,-38.0208619985,-57.6239059992,RENAULT,CARGA INVERSA SUBCRIA PARQUE SGTO TORRES INFORMA CALLE TETAMANTI Y MARIO BRAVO SUSTRAEN MODALIDAD ROBO 3 NN ARMADOS RENAULT LOGAN DOMINIO JDY353 AÑO 2010 COLOR NEGRO DANMIFICADO SR  SOSA GUSTAVO EDUARDO TEL 2235687145,10016110545,2026-04-15 10:05:00,ALFREDO LEPERA al 9409,,,"LLAMANTE REFIERE QUE HAY UN AUTO RENAULT CLIO DOMINIO JDY353, ABANDONADO EN EL TERRENO DE LA MADRE ATRAS DE SU CASA , EL TERRENO ESTA  ABIERTO ",1.7,0.07083333333333333
10016110862,2026-04-15 12:07:00,AA908RW,VEHÍCULOS,HIPOLITO YRIGOYEN al 2067,-38.000846762472,-57.55223657532,TOYOTA,"CCA QUE DEJA EL AUTO ESTACIONADO Y AHORA VA Y NO ESTA , ES UN TOYOTA ETIOS BLANCO PATENTE AA908RW ",10016110976,2026-04-15 12:54:00,GARAY al 3417,-38.004059939252,-57.562323509754,LLAMANTE REFIERE QUE SE COMUNICA D ELA EMPRESA LO SHACK.-.INFORMA QUE ENCONTRO UN TOYOTA ETIOS COLOR BLANCO PATENTE AA908RW.- ESTE VEHICULO FUE SUSTRAIDO EN EL DIA DE HOY.- ,0.7833333333333333,0.03263888888888889
10016196586,2026-05-10 21:18:00,AF553OP,VEHÍCULOS,VICENTE LOPEZ Y PLANES y Av Constitucion,-37.9661017066,-57.5525302686,TOYOTA,CRIA 7A INFORMA MODALIDAD HURTO SUSTRAEN VEHICULO CAMIONETA TOYOTA HILUX COLOR GRIS PTTE AF553OP. DAMNIFICADO RODRIGUEZ FRANCO TEL 2235512055,10016196618,2026-05-10 21:32:00,BOLIVIA al 500,-37.959182317602,-57.599314614265,"OPPAL TOTI CRIA 7MA INFORMA EN EL LUGAR DEBERIA HABER UNA CMAIONETA HILUX PTTE AF553OP, MISMA SUSTRAIDA DE JURISDICCION 7MA",0.23333333333333334,0.009722222222222222
10016199802,2026-05-11 22:55:00,A086DWG,MOTOS,12 DE OCTUBRE y Acha,-38.0429159984,-57.5464489992,ZANELLA,"CRIA 3ERA OSA ROMANO .REFIERE QUE SUTRAEN DE HURTO MOTOVEHICULO ZANELLA RX 150 DOMINIO A086DWG . AÑO DE FAB 2018 COLOR DORADO. PROPIETARIO SALZ KEVIN , DNI 35970266, CEL 2235625355. DLIO BERMEJO 464. ",10016289100,2026-06-09 01:36:00,TRES ARROYOS y ALVARADO ,,,MOVIL DE PREFECTURA AP 208 OA ROBLEDO INFORMA QUE DAN CON UN  MOTOVEHICULO ZANELLA RX 150 A086DWG EL MOTOVEHICULO TENDRIA PEDIDO DE SECUESTRO DE CRIA TERCERA ,674.6833333333333,28.111805555555552
10016209560,2026-05-15 03:27:00,GOP717,PGA,FORTUNATO DE LA PLAZA y FRIULI,,,CHEVROLET,CHEVROLET CORSA 5 PUERTAS VERDE   GOP717 TITULAR FORTUNTO ANDRES  27286089  DOMICILIO 7446 MODALIDAD  HURTO ESQUINA FORTUNATO DE LA PLAZA Y FRIULI AL REDEDOR DE LAS 22 SGTO CANIO 16 [Id.Remoto: 10016209560],10016210298,2026-05-15 10:49:00,GONZALEZ GUERRICO y Puan,-38.0206019985,-57.6071419992,"CARGA INVERSA CRIA 16TA OI PORCEL SOLICITA MOVIL PARA VERIFICAR EL HALLAZGO DE UN VEHICULO CHEVROLET CORSA 2 GOP717 AZUL, EL CUAL FUE DENUNCIADO ENE L DIA DE AYER__",7.366666666666666,0.3069444444444444
10016214074,2026-05-16 11:25:00,AE048DS,VEHÍCULOS,CASTELLI y Viamonte,-38.0161579984,-57.5406589992,TOYOTA,"LLAMANTE REFIERE QUE LE ROBARON LA CAMIONETA QUE TENIA ESTACIONADA. ES UNA  TOYOTA HILUX SRV, MODELO 2020, PATENTE  AE048DS. ALCANZÓ SOLO A VER A UN MASCULINO. SE FUE POR ALVEAR HACIA COLON. ",55842786,2026-05-27 10:50:00,ALVARADO y BRONZINI,,,SE ACTIVA LPR CON CAPTURA ACTIVA AE048DS [Id.Remoto: 4069871] [Id.Remoto: 2887519] [Id.Remoto: 55842786],263.4166666666667,10.975694444444445
10016292009,2026-06-10 00:06:00,DOO049,VEHÍCULOS,GAMAL NASSER al 2259,-37.982622078173,-57.592757107304,OTRA / NO ESPECIFICADA,"LLAMANTE REFIERE QUE LE ROBARON  EL AUTO EN LA PUERTA DE SU CASA, NO SABE CUANTAS PERSONAS, LE AVISARON QUE NO ESTABA- PALIO COLOR ROJO, PATENTE DOO049",10016293427,2026-06-10 12:56:00,PAULA ALBARRACIN al 643,-37.9674,-57.5862,"LLAMANTE  DICE QUE ANOCHE LLAMO AL 911 Y RADICO DENUNCIA PERO RECIEN LO ENCONTRO AL FIAT PALIO 2000, ROJO, PATETNE DOO049. NO TIENE PERSONAS A BORDO.__A EL LE MANDARON UNA FOTO, QUE CON EL VEHICULO QUISIERON COMETER ILICITO.- ",12.833333333333334,0.5347222222222222
10016298380,2026-06-12 05:27:00,AB957ZX,VEHÍCULOS,RIZZUTTO al 685,-37.95385245032,-57.583802748951,OTRA / NO ESPECIFICADA,"EN PROCESO __LLAMANTE REFIERE QUE LE ROBARON LA CAMIONETA CUANDO LA MUJER ESTABA SALIENDO PARA EL TRABAJO , ERAN 3 O 4 , ESTABAN ARMADOS, SE LLEVAN UNAQ CAMIONETA DASTER GRIS PARA EL LADO DE CONSTITUCION, DOMINIO AB957ZX , ",10016305034,2026-06-14 12:36:00,PASAJE VENEZUELA y Pasaje Santa Cruz,,,"CARGA INVERSA PREFECTURA OA SIMBRON CLAUDIO__PASAJE VENEZUELA Y PASAJE SANTA CRUZ__ REFIERE HALLAZGO DE__DUSTER AB957ZX ABANDONADO__AL VERIFICAR POR INFORMATICA POSEE SECUESTRO DE CRIA 6TA, CN FECHA 12/06/2026. ASI MISMO EN EL LUGAR SE ENCUENTRA UN VEHICULO__PEUGEOT 208 BLANCO, DOMINIO DE CRISTALES AB670ST POSEE SECUESTRO DE CRIA 7MA FECHA 11/06/2026 (POSEE DOMINIO COLOCADO MWC892 SIN IMPEDIMENTO) DR LAYUS DE ODEPA DISPONE SE RESGUARDE EL LUGAR Y TRASLADEN  LOS RODADOS A CRIA 6TA DEBIDO A LA ZONA HOSTIL Y UNA VEZ ALLI SOLICITEN POLICIA CIENTIFICA. __RELACIONADO A ID 16304680__",55.15,2.2979166666666666
10016301565,2026-06-13 06:42:00,A295UVT,MOTOS,GARAY y Av Champagnat,-37.9904670715,-57.5892982483,ZANELLA,REFIERE QUE LE ROBARON EN LA VIA PUBLICA UNA MOTO ZANELLA ZB COLOR GRIS CON DETALLES EN VERDE PATENTE A295UVT LOS DELINCUENTES ESTABAN EN UN FIAT PALIO MODELO NUEVO COLOR ROJO NO TENIA PATENTE TENIA 4 OCUPANTES VESTIAN ROPA NEGRA UNO VESTIA CON UN PIJAMA DE FELPUDO COLOR GRIS NO ESTABAN ARMADOS NO ESTA HERIDO SE FUERON VICTORIANO MONTES PARA EL LADO DE LURO [Id.Remoto: 10016301565],10016309099,2026-06-15 20:07:00,SOLER al 10455,-38.004294496838,-57.619910066118,LLAMANTE REFIERE QUE SE HABIA COMUNICADO PARA DAR AVISO QUE VIO SU MOTO QUE FUE ROBADA EL DIA SABADO EN LAS CALLES APORTADAS. LLAMANTE VUELVE A RELAIZAR EL RECLAMO. LA MOTO ES ZANELLA ZB 110 DE COLOR GRIS DOMINIO A295UVT.,61.416666666666664,2.5590277777777777
10016320301,2026-06-19 21:11:00,AH430WV,VEHÍCULOS,LA RIOJA al 2541,-38.0042064156,-57.5563647936,OTRA / NO ESPECIFICADA,"LLAMANTE REFIERE QUE LE ROBARON EL AUTO EN LA PUERTA DE SU CASA , ES UN POLO 2025 GRIS OSCURO, DOMINIO  AH430WV  EL MISMO NO ESTA COLOCADO NI ATRAS NI ADELANTE TIENE UN CARTEL CON PATENTE PROVISORIA QUE NO RECUERDA [Id.Remoto: 10016320301]",10016320627,2026-06-19 23:50:00,GRAL RAFAEL DEL RIEGO y Genova,-38.0406869985,-57.5840089992,LLTE REF QUE LLAMÓ POR EL ROBO DE UN POLO GRIS PATENTE AH430WV__SE ENCUENTRA SIN PATENTE AHORA __TIENE UN DISPOSITIVO QUE LO UBICA EN ESTA DIRECCION ____,2.65,0.11041666666666666
10016320301,2026-06-19 21:11:00,AH430WV,VEHÍCULOS,LA RIOJA al 2541,-38.0042064156,-57.5563647936,OTRA / NO ESPECIFICADA,"LLAMANTE REFIERE QUE LE ROBARON EL AUTO EN LA PUERTA DE SU CASA , ES UN POLO 2025 GRIS OSCURO, DOMINIO  AH430WV  EL MISMO NO ESTA COLOCADO NI ATRAS NI ADELANTE TIENE UN CARTEL CON PATENTE PROVISORIA QUE NO RECUERDA [Id.Remoto: 10016320301]",10016333771,2026-06-24 16:27:00,AV LOMAS DEL GOLF y MANZANA7,,,"CARGA INVERSA CRIA 2DA OA SCARBACIO SOLICITA MOVIL PARA QUE VERIFIQUE EN LOMAS DEL GOLF  ,MANZANA 7 FRENTE CASA 22 VW POLO COLOR GRIS DOMINIO AH430WV EL CUAL HABRIA SIDO SUSTRAIDO EN JURISDICCION 2DA",115.26666666666667,4.802777777777778
10016326516,2026-06-21 20:18:00,JNV688,VEHÍCULOS,BRAGADO al 720,-37.9939954168,-57.6167331407,FIAT,"LLAMANTE REFIERE QUE LE ROBARON EL AUTO, ERAN TRES MASCULINOS CAMINANTES, PARO PORQUE TENIA LA CUBIERTA BAJA Y LO ABORDARON, ESTABAN ARMADOS, LLAMANTE SE ENCUENTRA BIEN__LLAMANTE REFIERE SER EFECTIVO POLICIAL, ES UN FIAT PUNTO COLOR BORDO, DOMINIO JNV688__SE FUERON POR BRAGADO HAICA JUAN B JUSTO [Id.Remoto: 10016326516]",10016327189,2026-06-22 00:43:00,FALUCHO y Gamal Nasser,-37.9837619985,-57.5936769992,"INF MOV 30504 EN EL LUGAR REFIERE DA CON EL RODADO SUSTRAIDOS EN HORAS MAS TEMPRANAS, EL MISMO CON DOMINIO COLOCADO JNV688 FIAT PUNTO DE COLOR BORDO, A LA LLEGADA DEL MOVIL POLCIAL SIN OCUPANTES Y SIN LOS DOMINIOS DEL RODADO",4.416666666666667,0.1840277777777778
10016340857,2026-06-27 07:48:00,AE033EM,VEHÍCULOS,ALBARRACIN al 2000,-37.9784513134,-57.5950376109,OTRA / NO ESPECIFICADA,REFIERE QUE LE ROBARON EL AUTO EN LA VIA PUBLICA ES UNA CAPTURE COLOR CREMA PATENTE AE033EM SE FUERON POR BOLIVAR PARA EL LADO DE 180 LOS DELINCUENTES ERAN CUATRO MASCULINOS EN UN PALIO BLANCO NO VIO PATENTE NO VIO SI ESTABAN ARMADOS NO HAY HERIDOS [Id.Remoto: 10016340857],10016341295,2026-06-27 12:13:00,BOLIVAR al 7500,-37.977640438802,-57.598820236152,PERSONAL INFORMA EN RECORRIDA AVISTA CAMIOONETA CAPTURS PATENTE AE033EM ,4.416666666666667,0.1840277777777778
10016340873,2026-06-27 08:03:00,DCH870,VEHÍCULOS,AV PEDRO LURO y Mons Agelelli,-37.9589508221,-57.6246280916,OTRA / NO ESPECIFICADA,"LLAMANTE REFIERE QUE LE ROBARON EL AUTO QUE TENIA ESTACIONADO EN LA CALLE. ES UN PALIO BLANCO, PATENTE DCH870 [Id.Remoto: 10016340873]",10016344580,2026-06-28 09:34:00,VENEZUELA y SANTA CRUZ,-37.9505109985,-57.6079499992,CARGA INVERSA MOVIL 31251 VENEZUELA Y SANTA CRUZ UN TRANSEUNTE AVISA Q HORAS DE MADRUGADA VE DOS MASCULINOS INGRESADOR 2 VEHICULOS AL COMPLEJO DE LAS TORRES - SON PALIO BLANCO DOMINIO DCH870 - TOYOTA YARIS ROJO DOMINIO COLOCADA AB715ML POR  CRISTALES AD285RF ,25.516666666666666,1.0631944444444443
10016394664,2026-07-15 20:47:00,OTO434,VEHÍCULOS,SANTA CRUZ al 3867,-37.9800641265,-57.549300013,OTRA / NO ESPECIFICADA,LLAMANTE REFIERE QUE LOS ASALTARON EN LA PUERTA DE LA CASA SE LLEVARON LA CAMIONETA .- SUSTRAEN ES UNA ECO SPORT COLOR NARANJA DOMINIO OTO434 SE FUERON DORREGO EN CONTRAMANO EN DIRECCION  AL CENTRO .- NO HAY HERIDOS ESTABAN ARMADOS. - [Id.Remoto: 10016394664],10016397937,2026-07-16 13:52:00,GARAY y Bordabehere,-37.9879389985,-57.5942889992,"CCA QUE HAY UNA CAMIONETA ECOSPORT COLOR NARANJA , NO TIENE LAS PATENTE  , APARECIO ABANDONADA A LAS 10 DE LA MAÑANA , Y ÉL LA VIO PUBLICADA EN LA PAGUINA *ROBOS MDP* PATENTE OTO434",17.083333333333332,0.7118055555555555
10016399332,2026-07-16 22:02:00,AG778BZ,VEHÍCULOS,ARAGON al 4725,-37.965329367539,-57.549455142928,PEUGEOT,"LES ACABAN DE ROBAR EL AUTO, UN PEUGEOT COLOR BLANCO 2008, PATENTE AG778BZ. NO HAY HERIDOS. ERAN 4 ARMADOS, ESTABAN  EN UN PEUGEOT 208, SE FUERON POR ARAGON",10016400600,2026-07-17 09:32:00,GARAY al 6558,-37.988143938176,-57.593867584746,"REFIERE QUE ANOCHE LE ROBARON EL AUTO DE LA PUERTA, ESTO SUCEDIO EN ARAGON 4725 Y PEDRAZA__ES UN PEUGEOT 2008 BLANCO, PATENTE AG778BZ__QUE AHORA OBTIENE LA UBICACION DEL VEHICULO MEDIANTE UN DISPOSITIVO QUE TIENE EL AUTO, QUE EL MISMO ESTA EN GARAY 6558 ENTRE BORDABEHERE Y TRES ARROYOS__ELLA  NO ESTA CERCA DE DONDE ESTA EL VEHICULO__QUE EL AUTO ESTARIA AHI DESE HACE UNOS 5 MINUTOS, NO SABE SI ESTA DENTRO O FUERA DE UN LUGAR [Id.Remoto: 10016400600]",11.5,0.4791666666666667
10016400428,2026-07-17 07:50:00,AG968XE,VEHÍCULOS,9 DE JULIO y ESTADO DE ISRAEL,-37.9750929985,-57.5880969992,PEUGEOT,"CRIA 6TA , SGTO D´EPIETRO__9 DE JULIO Y DAVID ORTEGA__PERSONAL POLICIAL INFORMA QUE SE HACE PRESENTE EL SR FERNANDEZ RAUL, CON CONTACTO NRO  2234269105, EL RODADO SUSTRAIDO ES UN AUTOMOVIL PEUGEOT 2008 , COLOR GRIS, DOMINIO COLOCADO AG968XE, DOCUMENTACION A MANO, AÑO DE FABRICACION 2025, MODALIDAD DEL HECHO ROBO 02 NN.-__",10016401138,2026-07-17 14:00:00,MARIA MENDEZ FUNES DE MILLAN y Av Constitucion,-37.9552629985,-57.5762849992,LLAMANTE COMUNICA QUE ES SUBINSPECTOR IRURSUN ESTA VIENDO UN ADELANTO DE SECUESTRO DE PEUGEOT 2008 PTTE AG968XE ESTA  ESTACIONADA EN EL LUGAR  SIN OCUPANTES CON LUCES ENCENDIDAS ,6.166666666666667,0.2569444444444445
10016402051,2026-07-17 19:28:00,AG883QU,VEHÍCULOS,FORMOSA al 5022,-38.004654039963,-57.585494309363,PEUGEOT,"LLAMANTE REFIERE QUE LE ROBARON EL AUTO UN  PEUGEOT 208 GT COLOR GRIS OSCURO DOMINIO AG883QU  NO ESTA HERIDO , ERAN 2  MASCULINOS POSIBLEMENTE ARMADOS EN UNA MOTO  SE FUERON  POR FORMOSA PARA  CHAMPAGNAT",10016402253,2026-07-17 20:35:00,AYOLAS y Av Polonia,-38.0110699985,-57.5920879992,"34869 GPM INFORMA CON VEHICULO PEUGEOT 208 PTTE AG883QU, MISMO SUSTRAUDO EN EL DIA DE LA FECHA, JURISDICCION CRIA 4TA",1.1166666666666667,0.04652777777777778
10016414604,2026-07-21 21:17:00,IIL337,VEHÍCULOS,AV INDEPENDENCIA y Belgrano,-37.9979707634,-57.5542494001,OTRA / NO ESPECIFICADA,LLAMANTE REFIERE QUE LE ROBARON EL AUTO EN CALLE CORDOBA ENTRE FALUCHO Y GASCON. NO VIO NADA. ESTABA ESTACIONADO EN LA CALLE. ES UN CORSA CLASIC 5 PUERTAS COLOR CHAMPAGNE DOMINIO IIL337.-,10016414754,2026-07-21 22:31:00,SAN LUIS y Falucho,-38.0053939984,-57.5530929992,"LLAMANTE DICE QUE HOY MAS TEMPRANO SE COMUNICO PORQUE LE HABIAN ROBADO EL AUTO. QUIERE AVISAR QUE SE TRATO DE UN ERROR. LO HABIA DEHJADO EN LA OTRA CUADRA. ES UN CORSA CLASSIC COLOR CHAMPAGNE, PATENTE IIL337",1.2333333333333334,0.051388888888888894
10016435384,2026-07-28 22:44:00,POZ889,VEHÍCULOS,BRANDSEN y Don Bosco,-37.9777269984,-57.5604879992,PEUGEOT,LLAMANTE REFCIFE QUE LE ROBARON EL AUTO PATENTE  POZ889 PEUGEOT 308 COLOR GRIS. REFIERE QUE ERAN DOS MASCULINOS EN MOTO ARMADOS. SE VAN POR BRANDSEN DERECHO [Id.Remoto: 10016435384],10016435558,2026-07-29 00:05:00,JOSE INGENIEROS y ZACAGNINI,-37.9546729984,-57.5463469992,"MOVIL RO 30918, SUBCRIO SOSA __JOSE INGENIERO Y MARIA CURIE____PERSONAL POLICIKAL INFORMA QUE MIENTRAS REALIZABA RECORRIDAS PERIODICAS, SE ENCUENTRAN CON UN RODADO QUE CUMPLIA CON LAS CARACTERISTICAS DE UN AUTOMOVIL QUE HABIA SIDO SUSTRAIDO EN HORAS TEMPRANAS, PEUGEOT 308, CON DOMINIO POZ889, AL SER CURSADO POR FRECUENCIA INFORMATICAEL MISMO ARROJA PEDIDO DE SECUESTRO, POR LO QUE SE LABRAN ACTUACIONES CORRESPONDIENTES.-",1.35,0.05625
10016442329,2026-07-31 14:01:00,AA624JB,VEHÍCULOS,BALCARCE y Jujuy,-37.9899589984,-57.5521299992,OTRA / NO ESPECIFICADA,PERSONAL INFORMA QUE SE ACERCA UNA PERSONA E INFORMA QUE EN LAS CALLES BALCARCE ENTRE ESPAÑA Y JUJUY BAJA A COMPRAR EL  SR ALONSO CARLOS ODVALDO HACER UN MANDADO Y AL REGRESO YA NO SE ENCONTRO  SU  VEHICULO LOGAN SEDAN GRIS 2016 VIDRIOS TONALIZADOS PATENTE AA624JB CEL 2234385993 SE DIRIJE A RADICAR DENUNCIA ,10016442476,2026-07-31 15:01:00,AV LIBERTAD al 5222,-37.9804689985,-57.5685219992," LTE REFIERE QUE  HACE 1 HORA DEJO SU AUTO ESTACIONADO Y FUE A HACER UN TRABAJO Y CUANDO REGRESO NO LO ENCONTRO , PRESUMIO QUE LO ROBARON Y DIO AVISO COMO ROBADO Y AHORA LO ENCONTRO __LO DEJO MAL ESTACIONADO Y ESTA EL CIRCULANDO __LOGAN COOR GRIS CLARO MODELO 2016 AA624JB__AHORA ESTA CON EL VEHICULO",1.0,0.041666666666666664
10016457427,2026-08-05 10:22:00,A261CFE,MOTOS,AV PEDRO LURO y Rep Arabe Siria,-37.9645738885,-57.6135060001,HONDA,CRIA 6TA SGTO CORONEL INF ADELANTO DE SECUESTRO DAMNIFICADO SR DANTE JUAN CARLOS TEL 2235760620 SUSTRAEN 7:40 3 NN ARMADOS A BORDO DE UN AUTO C3 BLANCO CON VIDRIOS POLARIZADOS  HS MOTOVEHICULO  HONDA WAVE CELESTE DOMINIO A261CFE AÑO 2025 ,57055427,2026-08-05 10:36:00,ITUZAINGO y ESTADO DE ISRAEL,-37.968149998,-57.583836999,"SE VISUALIZA CAPTUR BLANCA SIN DOMINIO , SIMILARES CARACTERISTICAS A LA QUE COMETE EL ROBO CALIFICADO POR LA HONDA WAVE  , DOMINIO A261CFE EN LURO Y PORTUGAL , ESTATICA EN EL LUGAR LA CAPTUR . [Id.Remoto: 4411709] [Id.Remoto: 3148936] [Id.Remoto: 57055427]",0.23333333333333334,0.009722222222222222
10016457427,2026-08-05 10:22:00,A261CFE,MOTOS,AV PEDRO LURO y Rep Arabe Siria,-37.9645738885,-57.6135060001,HONDA,CRIA 6TA SGTO CORONEL INF ADELANTO DE SECUESTRO DAMNIFICADO SR DANTE JUAN CARLOS TEL 2235760620 SUSTRAEN 7:40 3 NN ARMADOS A BORDO DE UN AUTO C3 BLANCO CON VIDRIOS POLARIZADOS  HS MOTOVEHICULO  HONDA WAVE CELESTE DOMINIO A261CFE AÑO 2025 ,10016458458,2026-08-05 17:21:00,AV FERMIN ERREA y Beruti,-37.9507239985,-57.6094069992,"LLAMANTE DICE QUE A LA MAÑANA LE ROBARON UNA MOTO WABE NUEVO COLOR GRIS O VERDE, SON LOS NUEVOS COLORES, 2026, PATENTE A261CFE QUE AHORA NO TIENE COLOCADA.  LA MISMA ESTA ESTACIONADA FUERA DE UNA CASA__LLAMANTE AGUARDA EN LOCALIZACION PARA INDICAR SITIO, ESTA EN TAXI. [Id.Remoto: 10016458458]",6.983333333333333,0.29097222222222224
57055427,2026-08-05 10:36:00,A261CFE,VEHÍCULOS,ITUZAINGO y ESTADO DE ISRAEL,-37.968149998,-57.583836999,HONDA,"SE VISUALIZA CAPTUR BLANCA SIN DOMINIO , SIMILARES CARACTERISTICAS A LA QUE COMETE EL ROBO CALIFICADO POR LA HONDA WAVE  , DOMINIO A261CFE EN LURO Y PORTUGAL , ESTATICA EN EL LUGAR LA CAPTUR . [Id.Remoto: 4411709] [Id.Remoto: 3148936] [Id.Remoto: 57055427]",57055427,2026-08-05 10:36:00,ITUZAINGO y ESTADO DE ISRAEL,-37.968149998,-57.583836999,"SE VISUALIZA CAPTUR BLANCA SIN DOMINIO , SIMILARES CARACTERISTICAS A LA QUE COMETE EL ROBO CALIFICADO POR LA HONDA WAVE  , DOMINIO A261CFE EN LURO Y PORTUGAL , ESTATICA EN EL LUGAR LA CAPTUR . [Id.Remoto: 4411709] [Id.Remoto: 3148936] [Id.Remoto: 57055427]",0.0,0.0
57055427,2026-08-05 10:36:00,A261CFE,VEHÍCULOS,ITUZAINGO y ESTADO DE ISRAEL,-37.968149998,-57.583836999,HONDA,"SE VISUALIZA CAPTUR BLANCA SIN DOMINIO , SIMILARES CARACTERISTICAS A LA QUE COMETE EL ROBO CALIFICADO POR LA HONDA WAVE  , DOMINIO A261CFE EN LURO Y PORTUGAL , ESTATICA EN EL LUGAR LA CAPTUR . [Id.Remoto: 4411709] [Id.Remoto: 3148936] [Id.Remoto: 57055427]",10016458458,2026-08-05 17:21:00,AV FERMIN ERREA y Beruti,-37.9507239985,-57.6094069992,"LLAMANTE DICE QUE A LA MAÑANA LE ROBARON UNA MOTO WABE NUEVO COLOR GRIS O VERDE, SON LOS NUEVOS COLORES, 2026, PATENTE A261CFE QUE AHORA NO TIENE COLOCADA.  LA MISMA ESTA ESTACIONADA FUERA DE UNA CASA__LLAMANTE AGUARDA EN LOCALIZACION PARA INDICAR SITIO, ESTA EN TAXI. [Id.Remoto: 10016458458]",6.75,0.28125
